Sample,Height_cm,Date
LB1.0.1,7,11-Oct
LB1.0.2,7,11-Oct
LB1.0.3,8,11-Oct
LB1.0.4,14,11-Oct
LB1.0.5,8,11-Oct
LB1.0.6,17,11-Oct
LB1.8.1,8,11-Oct
LB1.8.2,3,11-Oct
LB1.8.3,3,11-Oct
LB1.8.4,6,11-Oct
LB1.8.5,6,11-Oct
LB1.8.6,5,11-Oct
LB1.16.1,7,11-Oct
LB1.16.2,6,11-Oct
LB1.16.3,6,11-Oct
LB1.16.4,5,11-Oct
LB1.16.5,5,11-Oct
LB1.16.6,7,11-Oct
LB1.24.1,7,11-Oct
LB1.24.2,8,11-Oct
LB1.24.3,5,11-Oct
LB1.24.4,8,11-Oct
BL1.24.5,4,11-Oct
LB1.24.6,8,11-Oct
LB2.0.1,5,11-Oct
LB2.0.2,5,11-Oct
LB2.0.3,6,11-Oct
LB2.0.4,3,11-Oct
LB2.0.5,3,11-Oct
LB2.0.6,6,11-Oct
LB2.8.1,7,11-Oct
LB2.8.2,11,11-Oct
LB2.8.3,4,11-Oct
LB2.8.4,6,11-Oct
LB2.8.5,6,11-Oct
LB2.8.6,6,11-Oct
LB2.16.1,4,11-Oct
LB2.16.2,13,11-Oct
LB2.16.3,7,11-Oct
LB2.16.4,5,11-Oct
LB2.16.5,4,11-Oct
LB2.16.6,6,11-Oct
LB2.24.1,4,11-Oct
LB2.24.2,7,11-Oct
LB2.24.3,4,11-Oct
LB2.24.4,4,11-Oct
LB2.24.5,18,11-Oct
LB2.24.6,6,11-Oct
LB3.0.1,6,11-Oct
LB3.0.2,7,11-Oct
LB3.0.3,7,11-Oct
LB3.0.4,4,11-Oct
LB3.0.5,6,11-Oct
LB3.0.6,5,11-Oct
LB3.8.1,6,11-Oct
LB3.8.2,6,11-Oct
LB3.8.3,6,11-Oct
LB3.8.4,5,11-Oct
LB3.8.5,4,11-Oct
LB3.8.6,6,11-Oct
LB3.16.1,7,11-Oct
LB3.16.2,6,11-Oct
LB3.16.3,4,11-Oct
LB3.16.4,6,11-Oct
LB3.16.5,6,11-Oct
LB3.16.6,5,11-Oct
LB3.24.1,13,11-Oct
LB3.24.2,13,11-Oct
LB3.24.3,6,11-Oct
LB3.24.4,6,11-Oct
LB3.24.5,6,11-Oct
LB3.24.6,13,11-Oct
LB4.0.1,6,11-Oct
LB4.0.2,3,11-Oct
LB4.0.3,6,11-Oct
LB4.0.4,19,11-Oct
LB4.0.5,4,11-Oct
LB4.0.6,3,11-Oct
LB4.8.1,5,11-Oct
LB4.8.2,8,11-Oct
LB4.8.3,6,11-Oct
LB4.8.4,14,11-Oct
LB4.8.5,6,11-Oct
LB4.8.6,5,11-Oct
LB4.16.1,2,11-Oct
LB4.16.2,3,11-Oct
LB4.16.3,4,11-Oct
LB4.16.4,4,11-Oct
LB4.16.5,6,11-Oct
LB4.16.6,5,11-Oct
LB4.24.1,6,11-Oct
LB4.24.2,13,11-Oct
LB4.24.3,8,11-Oct
LB4.24.4,3,11-Oct
LB4.24.5,7,11-Oct
LB4.24.6,10,11-Oct
LB5.0.1,6,11-Oct
LB5.0.2,5,11-Oct
LB5.0.3,6,11-Oct
LB5.0.4,7,11-Oct
LB5.0.5,6,11-Oct
LB5.0.6,6,11-Oct
LB5.8.1,7,11-Oct
LB5.8.2,6,11-Oct
LB5.8.3,5,11-Oct
LB5.8.4,6,11-Oct
LB5.8.5,6,11-Oct
LB5.8.6,6,11-Oct
LB5.16.1,5,11-Oct
LB5.16.2,5,11-Oct
LB5.16.3,4,11-Oct
LB5.16.4,3,11-Oct
LB5.16.5,5,11-Oct
LB5.16.6,6,11-Oct
LB5.24.1,4,11-Oct
LB5.24.2,6,11-Oct
LB5.24.3,6,11-Oct
LB5.24.4,8,11-Oct
LB5.24.5,19,11-Oct
LB5.24.6,5,11-Oct
LB6.0.1,6,11-Oct
LB6.0.2,5,11-Oct
LB6.0.3,6,11-Oct
LB6.0.4,6,11-Oct
LB6.0.5,5,11-Oct
LB6.0.6,5,11-Oct
LB6.8.1,17,11-Oct
LB6.8.2,7,11-Oct
LB6.8.3,10,11-Oct
LB6.8.4,8,11-Oct
LB6.8.5,5,11-Oct
LB6.8.6,6,11-Oct
LB6.16.1,6,11-Oct
LB6.16.2,7,11-Oct
LB6.16.3,7,11-Oct
LB6.16.4,4,11-Oct
LB6.16.5,8,11-Oct
LB6.16.6,5,11-Oct
LB6.24.1,7,11-Oct
LB6.24.2,6,11-Oct
LB6.24.3,8,11-Oct
LB6.24.4,8,11-Oct
LB6.24.5,4,11-Oct
LB6.24.6,5,11-Oct
BG1.0.1,21,11-Oct
BG1.0.2,9,11-Oct
BG1.0.3,10,11-Oct
BG1.0.4,7,11-Oct
BG1.0.5,12,11-Oct
BG1.0.6,13,11-Oct
BG1.8.1,16,11-Oct
BG1.8.2,16,11-Oct
BG1.8.3,15,11-Oct
BG1.8.4,16,11-Oct
BG1.8.5,13,11-Oct
BG1.8.6,11,11-Oct
BG1.16.1,11,11-Oct
BG1.16.2,7,11-Oct
BG1.16.3,13,11-Oct
BG1.16.4,15,11-Oct
BG1.16.5,17,11-Oct
BG1.16.6,7,11-Oct
BG1.24.1,9,11-Oct
BG1.24.2,8,11-Oct
BG1.24.3,8,11-Oct
BG1.24.4,8,11-Oct
BG1.24.5,15,11-Oct
BG1.24.6,6,11-Oct
BG2.0.1,16,11-Oct
BG2.0.2,16,11-Oct
BG2.0.3,7,11-Oct
BG2.0.4,7,11-Oct
BG2.0.5,9,11-Oct
BG2.0.6,8,11-Oct
BG2.8.1,13,11-Oct
BG2.8.2,15,11-Oct
BG2.8.3,11,11-Oct
BG2.8.4,10,11-Oct
BG2.8.5,12,11-Oct
BG2.8.6,12,11-Oct
BG2.16.1,10,11-Oct
BG2.16.2,10,11-Oct
BG2.16.3,18,11-Oct
BG2.16.4,9,11-Oct
BG2.16.5,10,11-Oct
BG2.16.6,11,11-Oct
BG2.24.1,11,11-Oct
BG2.24.2,14,11-Oct
BG2.24.3,6,11-Oct
BG2.24.4,7,11-Oct
BG2.24.5,12,11-Oct
BG2.24.6,5,11-Oct
BG3.0.1,2,11-Oct
BG3.0.2,7,11-Oct
BG3.0.3,6,11-Oct
BG3.0.4,8,11-Oct
BG3.0.5,8,11-Oct
BG3.0.6,7,11-Oct
BG3.8.1,6,11-Oct
BG3.8.2,10,11-Oct
BG3.8.3,9,11-Oct
BG3.8.4,13,11-Oct
BG3.8.5,12,11-Oct
BG3.8.6,9,11-Oct
BG3.16.1,13,11-Oct
BG3.16.2,17,11-Oct
BG3.16.3,8,11-Oct
BG3.16.4,8,11-Oct
BG3.16.5,12,11-Oct
BG3.16.6,8,11-Oct
BG3.24.1,9,11-Oct
BG3.24.2,9,11-Oct
BG3.24.3,11,11-Oct
BG3.24.4,14,11-Oct
BG3.24.5,11,11-Oct
BG3.24.6,12,11-Oct
BG4.0.1,6,11-Oct
BG4.0.2,13,11-Oct
BG4.0.3,11,11-Oct
BG4.0.4,11,11-Oct
BG4.0.5,13,11-Oct
BG4.0.6,18,11-Oct
BG4.8.1,10,11-Oct
BG4.8.2,16,11-Oct
BG4.8.3,15,11-Oct
BG4.8.4,10,11-Oct
BG4.8.5,7,11-Oct
BG4.8.6,9,11-Oct
BG4.16.1,6,11-Oct
BG4.16.2,10,11-Oct
BG4.16.3,7,11-Oct
BG4.16.4,10,11-Oct
BG4.16.5,7,11-Oct
BG4.16.6,7,11-Oct
BG4.24.1,6,11-Oct
BG4.24.2,8,11-Oct
BG4.24.3,8,11-Oct
BG4.24.4,14,11-Oct
BG4.24.5,7,11-Oct
BG4.24.6,6,11-Oct
BG5.0.1,14,11-Oct
BG5.0.2,14,11-Oct
BG5.0.3,13,11-Oct
BG5.0.4,14,11-Oct
BG5.0.5,20,11-Oct
BG5.0.6,9,11-Oct
BG5.8.1,11,11-Oct
BG5.8.2,10,11-Oct
BG5.8.3,12,11-Oct
BG5.8.4,7,11-Oct
BG5.8.5,8,11-Oct
BG5.8.6,20,11-Oct
BG5.16.1,13,11-Oct
BG5.16.2,13,11-Oct
BG5.16.3,15,11-Oct
BG5.16.4,14,11-Oct
BG5.16.5,20,11-Oct
BG5.16.6,12,11-Oct
BG5.24.1,4,11-Oct
BG5.24.2,7,11-Oct
BG5.24.3,10,11-Oct
BG5.24.4,10,11-Oct
BG5.24.5,9,11-Oct
BG5.24.6,6,11-Oct
BG6.0.1,10,11-Oct
BG6.0.2,9,11-Oct
BG6.0.3,5,11-Oct
BG6.0.4,16,11-Oct
BG6.0.5,8,11-Oct
BG6.0.6,10,11-Oct
BG6.8.1,9,11-Oct
BG6.8.2,9,11-Oct
BG6.8.3,9,11-Oct
BG6.8.4,8,11-Oct
BG6.8.5,10,11-Oct
BG6.8.6,8,11-Oct
BG6.16.1,9,11-Oct
BG6.16.2,8,11-Oct
BG6.16.3,11,11-Oct
BG6.16.4,9,11-Oct
BG6.16.5,8,11-Oct
BG6.16.6,12,11-Oct
BG6.24.1,11,11-Oct
BG6.24.2,9,11-Oct
BG6.24.3,7,11-Oct
BG6.24.4,7,11-Oct
BG6.24.5,13,11-Oct
BG6.24.6,8,11-Oct
SG1.0.1,13,11-Oct
SG1.0.2,11,11-Oct
SG1.0.3,18,11-Oct
SG1.0.4,17,11-Oct
SG1.0.5,19,11-Oct
SG1.0.6,20,11-Oct
SG1.8.1,16,11-Oct
SG1.8.2,10,11-Oct
SG1.8.3,15,11-Oct
SG1.8.4,13,11-Oct
SG1.8.5,27,11-Oct
SG1.8.6,10,11-Oct
SG1.16.1,23,11-Oct
SG1.16.2,16,11-Oct
SG1.16.3,17,11-Oct
SG1.16.4,12,11-Oct
SG1.16.5,17,11-Oct
SG1.16.6,10,11-Oct
SG1.24.1,25,11-Oct
SG1.24.2,25,11-Oct
SG1.24.3,16,11-Oct
SG1.24.4,12,11-Oct
SG1.24.5,18,11-Oct
SG1.24.6,19,11-Oct
SG2.0.1,15,11-Oct
SG2.0.2,9,11-Oct
SG2.0.3,9,11-Oct
SG2.0.4,6,11-Oct
SG2.0.5,15,11-Oct
SG2.0.6,14,11-Oct
SG2.8.1,18,11-Oct
SG2.8.2,12,11-Oct
SG2.8.3,12,11-Oct
SG2.8.4,10,11-Oct
SG2.8.5,12,11-Oct
SG2.8.6,17,11-Oct
SG2.16.1,16,11-Oct
SG2.16.2,15,11-Oct
SG2.16.3,26,11-Oct
SG2.16.4,24,11-Oct
SG2.16.5,18,11-Oct
SG2.16.6,18,11-Oct
SG2.24.1,20,11-Oct
SG2.24.2,17,11-Oct
SG2.24.3,14,11-Oct
SG2.24.4,22,11-Oct
SG2.24.5,17,11-Oct
SG2.24.6,23,11-Oct
SG3.0.1,13,11-Oct
SG3.0.2,17,11-Oct
SG3.0.3,17,11-Oct
SG3.0.4,18,11-Oct
SG3.0.5,11,11-Oct
SG3.0.6,21,11-Oct
SG3.8.1,16,11-Oct
SG3.8.2,18,11-Oct
SG3.8.3,15,11-Oct
SG3.8.4,16,11-Oct
SG3.8.5,21,11-Oct
SG3.8.6,16,11-Oct
SG3.16.1,15,11-Oct
SG3.16.2,10,11-Oct
SG3.16.3,13,11-Oct
SG3.16.4,14,11-Oct
SG3.16.5,14,11-Oct
SG3.16.6,14,11-Oct
SG3.24.1,16,11-Oct
SG3.24.2,11,11-Oct
SG3.24.3,12,11-Oct
SG3.24.4,17,11-Oct
SG3.24.5,12,11-Oct
SG3.24.6,15,11-Oct
SG4.0.1,22,11-Oct
SG4.0.2,5,11-Oct
SG4.0.3,23,11-Oct
SG4.0.4,16,11-Oct
SG4.0.5,22,11-Oct
SG4.0.6,16,11-Oct
SG4.8.1,19,11-Oct
SG4.8.2,17,11-Oct
SG4.8.3,11,11-Oct
SG4.8.4,7,11-Oct
SG4.8.5,23,11-Oct
SG4.8.6,16,11-Oct
SG4.16.1,11,11-Oct
SG4.16.2,14,11-Oct
SG4.16.3,17,11-Oct
SG4.16.4,10,11-Oct
SG4.16.5,9,11-Oct
SG4.16.6,7,11-Oct
SG4.24.1,17,11-Oct
SG4.24.2,8,11-Oct
SG4.24.3,13,11-Oct
SG4.24.4,20,11-Oct
SG4.24.5,10,11-Oct
SG4.24.6,12,11-Oct
SG5.0.1,12,11-Oct
SG5.0.2,20,11-Oct
SG5.0.3,18,11-Oct
SG5.0.4,16,11-Oct
SG5.0.5,18,11-Oct
SG5.0.6,23,11-Oct
SG5.8.1,11,11-Oct
SG5.8.2,19,11-Oct
SG5.8.3,22,11-Oct
SG5.8.4,10,11-Oct
SG5.8.5,19,11-Oct
SG5.8.6,23,11-Oct
SG5.16.1,10,11-Oct
SG5.16.2,8,11-Oct
SG5.16.3,16,11-Oct
SG5.16.4,10,11-Oct
SG5.16.5,14,11-Oct
SG5.16.6,15,11-Oct
SG5.24.1,15,11-Oct
SG5.24.2,11,11-Oct
SG5.24.3,20,11-Oct
SG5.24.4,12,11-Oct
SG5.24.5,10,11-Oct
SG5.24.6,12,11-Oct
SG6.0.1,18,11-Oct
SG6.0.2,14,11-Oct
SG6.0.3,15,11-Oct
SG6.0.4,15,11-Oct
SG6.0.5,16,11-Oct
SG6.0.6,19,11-Oct
SG6.8.1,17,11-Oct
SG6.8.2,23,11-Oct
SG6.8.3,20,11-Oct
SG6.8.4,12,11-Oct
SG6.8.5,15,11-Oct
SG6.8.6,17,11-Oct
SG6.16.1,17,11-Oct
SG6.16.2,15,11-Oct
SG6.16.3,10,11-Oct
SG6.16.4,18,11-Oct
SG6.16.5,22,11-Oct
SG6.16.6,19,11-Oct
SG6.24.1,14,11-Oct
SG6.24.2,15,11-Oct
SG6.24.3,22,11-Oct
SG6.24.4,21,11-Oct
SG6.24.5,14,11-Oct
SG6.24.6,6,11-Oct
BM1.0.1,6,14-Oct
BG1.0.2,5,14-Oct
BM1.0.3,7,14-Oct
BM1.0.4,4,14-Oct
BM1.0.5,10,14-Oct
BM1.0.6,5,14-Oct
BM1.8.1,4,14-Oct
BM1.8.2,6,14-Oct
BM1.8.3,6,14-Oct
BM1.8.4,5,14-Oct
BM1.8.5,7,14-Oct
BM1.8.6,4,14-Oct
BM1.16.1,5,14-Oct
BM1.16.2,6,14-Oct
BM1.16.3,6,14-Oct
BM1.16.4,5,14-Oct
BM1.16.5,6,14-Oct
BM1.16.6,2,14-Oct
BM1.24.1,12,14-Oct
BM1.24.2,6,14-Oct
BM1.24.3,7,14-Oct
BM1.24.4,6,14-Oct
BM1.24.5,3,14-Oct
BM1.24.6,5,14-Oct
BM2.0.1,9,14-Oct
BM2.0.2,12,14-Oct
BM2.0.3,9,14-Oct
BM2.0.4,6,14-Oct
BM2.0.5,3,14-Oct
BM2.0.6,6,14-Oct
BM2.8.1,7,14-Oct
BM2.8.1,3,14-Oct
BM2.8.3,3,14-Oct
BM2.8.4,3,14-Oct
BM2.8.5,4,14-Oct
BM2.8.6,6,14-Oct
BM2.16.1,4,14-Oct
BM2.16.2,2,14-Oct
BM2.16.3,5,14-Oct
BM2.16.4,4,14-Oct
BM2.16.5,3,14-Oct
BM2.16.6,2,14-Oct
BM2.24.1,2,14-Oct
BM2.24.2,5,14-Oct
BM2.24.3,2,14-Oct
BM2.24.4,7,14-Oct
BM2.24.5,5,14-Oct
BM2.24.6,6,14-Oct
BM3.0.1,6,14-Oct
BM3.0.2,2,14-Oct
BM3.0.3,4,14-Oct
BM3.0.4,6,14-Oct
BM3.0.5,6,14-Oct
BM3.0.6,8,14-Oct
BM3.8.1,6,14-Oct
BM3.8.2,4,14-Oct
BM3.8.3,4,14-Oct
BM3.8.4,6,14-Oct
BM3.8.5,4,14-Oct
BM3.8.6,4,14-Oct
BM3.16.1,8,14-Oct
BM3.16.2,6,14-Oct
BM3.16.3,4,14-Oct
BM3.16.4,2,14-Oct
BM3.16.5,4,14-Oct
BM3.16.6,4,14-Oct
BM3.24.1,8,14-Oct
BM3.24.2,4,14-Oct
BM3.24.3,2,14-Oct
BM3.24.4,3,14-Oct
BM3.24.5,4,14-Oct
BM3.24.6,2,14-Oct
BM4.0.1,7,14-Oct
BM4.0.2,6,14-Oct
BM4.0.3,7,14-Oct
BM4.0.4,4,14-Oct
BM4.0.5,5,14-Oct
BM4.0.6,2,14-Oct
BM4.8.1,6,14-Oct
BM4.8.2,2,14-Oct
BM4.8.3,5,14-Oct
BM4.8.4,6,14-Oct
BM4.8.5,5,14-Oct
BM4.8.6,8,14-Oct
BM4.16.1,3,14-Oct
BM4.16.2,6,14-Oct
BM4.16.3,3,14-Oct
BM4.16.4,5,14-Oct
BM4.16.5,6,14-Oct
BM4.16.6,2,14-Oct
BM4.24.1,4,14-Oct
BM4.24.2,4,14-Oct
BM4.24.3,4,14-Oct
BM4.24.4,7,14-Oct
BM4.24.5,6,14-Oct
BM4.24.6,5,14-Oct
BM5.0.1,5,14-Oct
BM5.0.2,7,14-Oct
BM5.0.3,6,14-Oct
BM5.0.4,4,14-Oct
BM5.0.5,5,14-Oct
BM5.0.6,2,14-Oct
BM5.8.1,6,14-Oct
BM5.8.2,6,14-Oct
BM5.8.3,8,14-Oct
BM5.8.4,6,14-Oct
BM5.8.5,4,14-Oct
BM5.8.6,3,14-Oct
BM5.16.1,11,14-Oct
BM5.16.2,9,14-Oct
BM5.16.3,7,14-Oct
BM5.16.4,6,14-Oct
BM5.16.5,6,14-Oct
BM5.16.6,4,14-Oct
BM5.24.1,8,14-Oct
BM5.24.2,6,14-Oct
BM5.24.3,4,14-Oct
BM5.24.4,4,14-Oct
BM5.24.5,5,14-Oct
BM5.24.6,6,14-Oct
BM6.0.1,3,14-Oct
BM6.0.2,1,14-Oct
BM6.0.3,1,14-Oct
BM6.0.4,5,14-Oct
BM6.0.5,5,14-Oct
BM6.0.6,3,14-Oct
BM6.8.1,3,14-Oct
BM6.8.2,2,14-Oct
BM6.8.3,2,14-Oct
BM6.8.4,1,14-Oct
BM6.8.5,2,14-Oct
BM6.8.6,2,14-Oct
BM6.16.1,2,14-Oct
BM6.16.2,1,14-Oct
BM6.16.3,2,14-Oct
BM6.16.4,1,14-Oct
BM6.16.5,3,14-Oct
BM6.16.6,2,14-Oct
BM6.24.1,5,14-Oct
BM6.24.2,6,14-Oct
BM6.24.3,4,14-Oct
BM6.24.4,5,14-Oct
BM6.24.5,4,14-Oct
BM6.24.6,3,14-Oct
LB1.0.1,7,18-Oct
LB1.0.2,9,18-Oct
LB1.0.3,8,18-Oct
LB1.0.4,17,18-Oct
LB1.0.5,10,18-Oct
LB1.0.6,18,18-Oct
LB1.8.1,8,18-Oct
LB1.8.2,3,18-Oct
LB1.8.3,4,18-Oct
LB1.8.4,6,18-Oct
LB1.8.5,7,18-Oct
LB1.8.6,5,18-Oct
LB1.16.1,7,18-Oct
LB1.16.2,5,18-Oct
LB1.16.3,9,18-Oct
LB1.16.4,7,18-Oct
LB1.16.5,7,18-Oct
LB1.16.6,7,18-Oct
LB1.24.1,8,18-Oct
LB1.24.2,8,18-Oct
LB1.24.3,5,18-Oct
LB1.24.4,8,18-Oct
BL1.24.5,4,18-Oct
LB1.24.6,9,18-Oct
LB2.0.1,5,18-Oct
LB2.0.2,5,18-Oct
LB2.0.3,6,18-Oct
LB2.0.4,5,18-Oct
LB2.0.5,4,18-Oct
LB2.0.6,6,18-Oct
LB2.8.1,8,18-Oct
LB2.8.2,11,18-Oct
LB2.8.3,4,18-Oct
LB2.8.4,7,18-Oct
LB2.8.5,6,18-Oct
LB2.8.6,6,18-Oct
LB2.16.1,4,18-Oct
LB2.16.2,16,18-Oct
LB2.16.3,7,18-Oct
LB2.16.4,5,18-Oct
LB2.16.5,5,18-Oct
LB2.16.6,7,18-Oct
LB2.24.1,4,18-Oct
LB2.24.2,7,18-Oct
LB2.24.3,4,18-Oct
LB2.24.4,6,18-Oct
LB2.24.5,20,18-Oct
LB2.24.6,6,18-Oct
LB3.0.1,7,18-Oct
LB3.0.2,8,18-Oct
LB3.0.3,7,18-Oct
LB3.0.4,6,18-Oct
LB3.0.5,6,18-Oct
LB3.0.6,5,18-Oct
LB3.8.1,7,18-Oct
LB3.8.2,7,18-Oct
LB3.8.3,7,18-Oct
LB3.8.4,7,18-Oct
LB3.8.5,6,18-Oct
LB3.8.6,7,18-Oct
LB3.16.1,7,18-Oct
LB3.16.2,6,18-Oct
LB3.16.3,5,18-Oct
LB3.16.4,7,18-Oct
LB3.16.5,6,18-Oct
LB3.16.6,5,18-Oct
LB3.24.1,18,18-Oct
LB3.24.2,13,18-Oct
LB3.24.3,6,18-Oct
LB3.24.4,6,18-Oct
LB3.24.5,6,18-Oct
LB3.24.6,13,18-Oct
LB4.0.1,6,18-Oct
LB4.0.2,3,18-Oct
LB4.0.3,7,18-Oct
LB4.0.4,20,18-Oct
LB4.0.5,5,18-Oct
LB4.0.6,6,18-Oct
LB4.8.1,6,18-Oct
LB4.8.2,8,18-Oct
LB4.8.3,12,18-Oct
LB4.8.4,16,18-Oct
LB4.8.5,6,18-Oct
LB4.8.6,5,18-Oct
LB4.16.1,3,18-Oct
LB4.16.2,3,18-Oct
LB4.16.3,5,18-Oct
LB4.16.4,6,18-Oct
LB4.16.5,6,18-Oct
LB4.16.6,5,18-Oct
LB4.24.1,8,18-Oct
LB4.24.2,13,18-Oct
LB4.24.3,10,18-Oct
LB4.24.4,,18-Oct
LB4.24.5,7,18-Oct
LB4.24.6,13,18-Oct
LB5.0.1,6,18-Oct
LB5.0.2,7,18-Oct
LB5.0.3,7,18-Oct
LB5.0.4,7,18-Oct
LB5.0.5,6,18-Oct
LB5.0.6,6,18-Oct
LB5.8.1,8,18-Oct
LB5.8.2,6,18-Oct
LB5.8.3,5,18-Oct
LB5.8.4,6,18-Oct
LB5.8.5,6,18-Oct
LB5.8.6,6,18-Oct
LB5.16.1,5,18-Oct
LB5.16.2,5,18-Oct
LB5.16.3,5,18-Oct
LB5.16.4,3,18-Oct
LB5.16.5,5,18-Oct
LB5.16.6,6,18-Oct
LB5.24.1,4,18-Oct
LB5.24.2,6,18-Oct
LB5.24.3,7,18-Oct
LB5.24.4,8,18-Oct
LB5.24.5,7,18-Oct
LB5.24.6,20,18-Oct
LB6.0.1,6,18-Oct
LB6.0.2,5,18-Oct
LB6.0.3,6,18-Oct
LB6.0.4,6,18-Oct
LB6.0.5,6,18-Oct
LB6.0.6,5,18-Oct
LB6.8.1,22,18-Oct
LB6.8.2,6,18-Oct
LB6.8.3,10,18-Oct
LB6.8.4,8,18-Oct
LB6.8.5,7,18-Oct
LB6.8.6,6,18-Oct
LB6.16.1,7,18-Oct
LB6.16.2,7,18-Oct
LB6.16.3,7,18-Oct
LB6.16.4,6,18-Oct
LB6.16.5,9,18-Oct
LB6.16.6,4,18-Oct
LB6.24.1,8,18-Oct
LB6.24.2,5,18-Oct
LB6.24.3,5,18-Oct
LB6.24.4,2,18-Oct
LB6.24.5,7,18-Oct
LB6.24.6,9,18-Oct
BG1.0.1,36,18-Oct
BG1.0.2,24,18-Oct
BG1.0.3,25,18-Oct
BG1.0.4,18,18-Oct
BG1.0.5,20,18-Oct
BG1.0.6,24,18-Oct
BG1.8.1,25,18-Oct
BG1.8.2,25,18-Oct
BG1.8.3,17,18-Oct
BG1.8.4,27,18-Oct
BG1.8.5,30,18-Oct
BG1.8.6,21,18-Oct
BG1.16.1,21,18-Oct
BG1.16.2,12,18-Oct
BG1.16.3,22,18-Oct
BG1.16.4,23,18-Oct
BG1.16.5,28,18-Oct
BG1.16.6,,18-Oct
BG1.24.1,11,18-Oct
BG1.24.2,20,18-Oct
BG1.24.3,12,18-Oct
BG1.24.4,9,18-Oct
BG1.24.5,24,18-Oct
BG1.24.6,15,18-Oct
BG2.0.1,36,18-Oct
BG2.0.2,24,18-Oct
BG2.0.3,25,18-Oct
BG2.0.4,18,18-Oct
BG2.0.5,20,18-Oct
BG2.0.6,24,18-Oct
BG2.8.1,25,18-Oct
BG2.8.2,25,18-Oct
BG2.8.3,17,18-Oct
BG2.8.4,27,18-Oct
BG2.8.5,30,18-Oct
BG2.8.6,21,18-Oct
BG2.16.1,21,18-Oct
BG2.16.2,12,18-Oct
BG2.16.3,22,18-Oct
BG2.16.4,23,18-Oct
BG2.16.5,28,18-Oct
BG2.16.6,20,18-Oct
BG2.24.1,11,18-Oct
BG2.24.2,20,18-Oct
BG2.24.3,9,18-Oct
BG2.24.4,12,18-Oct
BG2.24.5,24,18-Oct
BG2.24.6,5,18-Oct
BG3.0.1,8,18-Oct
BG3.0.2,15,18-Oct
BG3.0.3,11,18-Oct
BG3.0.4,15,18-Oct
BG3.0.5,14,18-Oct
BG3.0.6,14,18-Oct
BG3.8.1,21,18-Oct
BG3.8.2,12,18-Oct
BG3.8.3,12,18-Oct
BG3.8.4,22,18-Oct
BG3.8.5,26,18-Oct
BG3.8.6,18,18-Oct
BG3.16.1,30,18-Oct
BG3.16.2,24,18-Oct
BG3.16.3,14,18-Oct
BG3.16.4,15,18-Oct
BG3.16.5,22,18-Oct
BG3.16.6,16,18-Oct
BG3.24.1,12,18-Oct
BG3.24.2,,18-Oct
BG3.24.3,21,18-Oct
BG3.24.4,22,18-Oct
BG3.24.5,13,18-Oct
BG3.24.6,,18-Oct
BG4.0.1,9,18-Oct
BG4.0.2,23,18-Oct
BG4.0.3,29,18-Oct
BG4.0.4,20,18-Oct
BG4.0.5,27,18-Oct
BG4.0.6,34,18-Oct
BG4.8.1,11,18-Oct
BG4.8.2,17,18-Oct
BG4.8.3,27,18-Oct
BG4.8.4,18,18-Oct
BG4.8.5,18,18-Oct
BG4.8.6,22,18-Oct
BG4.16.1,7,18-Oct
BG4.16.2,9,18-Oct
BG4.16.3,7,18-Oct
BG4.16.4,18,18-Oct
BG4.16.5,21,18-Oct
BG4.16.6,10,18-Oct
BG4.24.1,6,18-Oct
BG4.24.2,9,18-Oct
BG4.24.3,11,18-Oct
BG4.24.4,22,18-Oct
BG4.24.5,10,18-Oct
BG4.24.6,,18-Oct
BG5.0.1,35,18-Oct
BG5.0.2,25,18-Oct
BG5.0.3,30,18-Oct
BG5.0.4,31,18-Oct
BG5.0.5,36,18-Oct
BG5.0.6,25,18-Oct
BG5.8.1,18,18-Oct
BG5.8.2,19,18-Oct
BG5.8.3,17,18-Oct
BG5.8.4,22,18-Oct
BG5.8.5,15,18-Oct
BG5.8.6,20,18-Oct
BG5.16.1,6,18-Oct
BG5.16.2,19,18-Oct
BG5.16.3,23,18-Oct
BG5.16.4,27,18-Oct
BG5.16.5,29,18-Oct
BG5.16.6,18,18-Oct
BG5.24.1,9,18-Oct
BG5.24.2,10,18-Oct
BG5.24.3,22,18-Oct
BG5.24.4,10,18-Oct
BG5.24.5,17,18-Oct
BG5.24.6,14,18-Oct
BG6.0.1,22,18-Oct
BG6.0.2,22,18-Oct
BG6.0.3,12,18-Oct
BG6.0.4,31,18-Oct
BG6.0.5,18,18-Oct
BG6.0.6,20,18-Oct
BG6.8.1,13,18-Oct
BG6.8.2,16,18-Oct
BG6.8.3,20,18-Oct
BG6.8.4,18,18-Oct
BG6.8.5,17,18-Oct
BG6.8.6,15,18-Oct
BG6.16.1,17,18-Oct
BG6.16.2,15,18-Oct
BG6.16.3,8,18-Oct
BG6.16.4,18,18-Oct
BG6.16.5,11,18-Oct
BG6.16.6,28,18-Oct
BG6.24.1,24,18-Oct
BG6.24.2,12,18-Oct
BG6.24.3,,18-Oct
BG6.24.4,5,18-Oct
BG6.24.5,15,18-Oct
BG6.24.6,11,18-Oct
SG1.0.1,13,18-Oct
SG1.0.2,14,18-Oct
SG1.0.3,21,18-Oct
SG1.0.4,17,18-Oct
SG1.0.5,30,18-Oct
SG1.0.6,22,18-Oct
SG1.8.1,19,18-Oct
SG1.8.2,13,18-Oct
SG1.8.3,18,18-Oct
SG1.8.4,16,18-Oct
SG1.8.5,32,18-Oct
SG1.8.6,13,18-Oct
SG1.16.1,31,18-Oct
SG1.16.2,21,18-Oct
SG1.16.3,19,18-Oct
SG1.16.4,34,18-Oct
SG1.16.5,21,18-Oct
SG1.16.6,10,18-Oct
SG1.24.1,25,18-Oct
SG1.24.2,23,18-Oct
SG1.24.3,25,18-Oct
SG1.24.4,12,18-Oct
SG1.24.5,29,18-Oct
SG1.24.6,27,18-Oct
SG2.0.1,18,18-Oct
SG2.0.2,23,18-Oct
SG2.0.3,17,18-Oct
SG2.0.4,11,18-Oct
SG2.0.5,24,18-Oct
SG2.0.6,25,18-Oct
SG2.8.1,21,18-Oct
SG2.8.2,16,18-Oct
SG2.8.3,13,18-Oct
SG2.8.4,11,18-Oct
SG2.8.5,26,18-Oct
SG2.8.6,21,18-Oct
SG2.16.1,21,18-Oct
SG2.16.2,24,18-Oct
SG2.16.3,30,18-Oct
SG2.16.4,29,18-Oct
SG2.16.5,22,18-Oct
SG2.16.6,24,18-Oct
SG2.24.1,20,18-Oct
SG2.24.2,19,18-Oct
SG2.24.3,17,18-Oct
SG2.24.4,27,18-Oct
SG2.24.5,18,18-Oct
SG2.24.6,32,18-Oct
SG3.0.1,17,18-Oct
SG3.0.2,18,18-Oct
SG3.0.3,32,18-Oct
SG3.0.4,30,18-Oct
SG3.0.5,16,18-Oct
SG3.0.6,26,18-Oct
SG3.8.1,16,18-Oct
SG3.8.2,26,18-Oct
SG3.8.3,27,18-Oct
SG3.8.4,24,18-Oct
SG3.8.5,25,18-Oct
SG3.8.6,28,18-Oct
SG3.16.1,18,18-Oct
SG3.16.2,12,18-Oct
SG3.16.3,13,18-Oct
SG3.16.4,17,18-Oct
SG3.16.5,13,18-Oct
SG3.16.6,16,18-Oct
SG3.24.1,16,18-Oct
SG3.24.2,11,18-Oct
SG3.24.3,13,18-Oct
SG3.24.4,17,18-Oct
SG3.24.5,13,18-Oct
SG3.24.6,16,18-Oct
SG4.0.1,23,18-Oct
SG4.0.2,12,18-Oct
SG4.0.3,31,18-Oct
SG4.0.4,24,18-Oct
SG4.0.5,25,18-Oct
SG4.0.6,19,18-Oct
SG4.8.1,26,18-Oct
SG4.8.2,26,18-Oct
SG4.8.3,22,18-Oct
SG4.8.4,8,18-Oct
SG4.8.5,30,18-Oct
SG4.8.6,20,18-Oct
SG4.16.1,13,18-Oct
SG4.16.2,15,18-Oct
SG4.16.3,24,18-Oct
SG4.16.4,10,18-Oct
SG4.16.5,10,18-Oct
SG4.16.6,9,18-Oct
SG4.24.1,16,18-Oct
SG4.24.2,9,18-Oct
SG4.24.3,15,18-Oct
SG4.24.4,29,18-Oct
SG4.24.5,12,18-Oct
SG4.24.6,12,18-Oct
SG5.0.1,14,18-Oct
SG5.0.2,24,18-Oct
SG5.0.3,19,18-Oct
SG5.0.4,29,18-Oct
SG5.0.5,26,18-Oct
SG5.0.6,24,18-Oct
SG5.8.1,19,18-Oct
SG5.8.2,,18-Oct
SG5.8.3,27,18-Oct
SG5.8.4,31,18-Oct
SG5.8.5,28,18-Oct
SG5.8.6,29,18-Oct
SG5.16.1,17,18-Oct
SG5.16.2,12,18-Oct
SG5.16.3,16,18-Oct
SG5.16.4,10,18-Oct
SG5.16.5,15,18-Oct
SG5.16.6,15,18-Oct
SG5.24.1,19,18-Oct
SG5.24.2,12,18-Oct
SG5.24.3,24,18-Oct
SG5.24.4,12,18-Oct
SG5.24.5,10,18-Oct
SG5.24.6,13,18-Oct
SG6.0.1,22,18-Oct
SG6.0.2,20,18-Oct
SG6.0.3,20,18-Oct
SG6.0.4,21,18-Oct
SG6.0.5,19,18-Oct
SG6.0.6,20,18-Oct
SG6.8.1,16,18-Oct
SG6.8.2,28,18-Oct
SG6.8.3,20,18-Oct
SG6.8.4,23,18-Oct
SG6.8.5,38,18-Oct
SG6.8.6,24,18-Oct
SG6.16.1,26,18-Oct
SG6.16.2,17,18-Oct
SG6.16.3,11,18-Oct
SG6.16.4,17,18-Oct
SG6.16.5,22,18-Oct
SG6.16.6,22,18-Oct
SG6.24.1,16,18-Oct
SG6.24.2,17,18-Oct
SG6.24.3,35,18-Oct
SG6.24.4,28,18-Oct
SG6.24.5,20,18-Oct
SG6.24.6,6,18-Oct
BM1.0.1,7,21-Oct
BG1.0.2,6,21-Oct
BM1.0.3,16,21-Oct
BM1.0.4,5,21-Oct
BM1.0.5,13,21-Oct
BM1.0.6,7,21-Oct
BM1.8.1,5,21-Oct
BM1.8.2,7,21-Oct
BM1.8.3,10,21-Oct
BM1.8.4,9,21-Oct
BM1.8.5,11,21-Oct
BM1.8.6,5,21-Oct
BM1.16.1,5,21-Oct
BM1.16.2,8,21-Oct
BM1.16.3,9,21-Oct
BM1.16.4,7,21-Oct
BM1.16.5,10,21-Oct
BM1.16.6,5,21-Oct
BM1.24.1,13,21-Oct
BM1.24.2,12,21-Oct
BM1.24.3,9,21-Oct
BM1.24.4,14,21-Oct
BM1.24.5,13,21-Oct
BM1.24.6,13,21-Oct
BM2.0.1,21,21-Oct
BM2.0.2,16,21-Oct
BM2.0.3,21,21-Oct
BM2.0.4,14,21-Oct
BM2.0.5,5,21-Oct
BM2.0.6,6,21-Oct
BM2.8.1,15,21-Oct
BM2.8.1,13,21-Oct
BM2.8.3,16,21-Oct
BM2.8.4,16,21-Oct
BM2.8.5,21,21-Oct
BM2.8.6,11,21-Oct
BM2.16.1,12,21-Oct
BM2.16.2,14,21-Oct
BM2.16.3,31,21-Oct
BM2.16.4,18,21-Oct
BM2.16.5,16,21-Oct
BM2.16.6,14,21-Oct
BM2.24.1,10,21-Oct
BM2.24.2,17,21-Oct
BM2.24.3,11,21-Oct
BM2.24.4,16,21-Oct
BM2.24.5,19,21-Oct
BM2.24.6,11,21-Oct
BM3.0.1,6,21-Oct
BM3.0.2,16,21-Oct
BM3.0.3,13,21-Oct
BM3.0.4,14,21-Oct
BM3.0.5,11,21-Oct
BM3.0.6,12,21-Oct
BM3.8.1,19,21-Oct
BM3.8.2,7,21-Oct
BM3.8.3,14,21-Oct
BM3.8.4,20,21-Oct
BM3.8.5,18,21-Oct
BM3.8.6,11,21-Oct
BM3.16.1,11,21-Oct
BM3.16.2,14,21-Oct
BM3.16.3,8,21-Oct
BM3.16.4,15,21-Oct
BM3.16.5,12,21-Oct
BM3.16.6,18,21-Oct
BM3.24.1,11,21-Oct
BM3.24.2,12,21-Oct
BM3.24.3,12,21-Oct
BM3.24.4,19,21-Oct
BM3.24.5,16,21-Oct
BM3.24.6,19,21-Oct
BM4.0.1,13,21-Oct
BM4.0.2,10,21-Oct
BM4.0.3,14,21-Oct
BM4.0.4,13,21-Oct
BM4.0.5,17,21-Oct
BM4.0.6,11,21-Oct
BM4.8.1,10,21-Oct
BM4.8.2,12,21-Oct
BM4.8.3,10,21-Oct
BM4.8.4,13,21-Oct
BM4.8.5,12,21-Oct
BM4.8.6,14,21-Oct
BM4.16.1,8,21-Oct
BM4.16.2,22,21-Oct
BM4.16.3,22,21-Oct
BM4.16.4,13,21-Oct
BM4.16.5,12,21-Oct
BM4.16.6,12,21-Oct
BM4.24.1,9,21-Oct
BM4.24.2,9,21-Oct
BM4.24.3,24,21-Oct
BM4.24.4,11,21-Oct
BM4.24.5,6,21-Oct
BM4.24.6,6,21-Oct
BM5.0.1,17,21-Oct
BM5.0.2,17,21-Oct
BM5.0.3,21,21-Oct
BM5.0.4,18,21-Oct
BM5.0.5,14,21-Oct
BM5.0.6,13,21-Oct
BM5.8.1,13,21-Oct
BM5.8.2,20,21-Oct
BM5.8.3,17,21-Oct
BM5.8.4,38,21-Oct
BM5.8.5,16,21-Oct
BM5.8.6,13,21-Oct
BM5.16.1,11,21-Oct
BM5.16.2,14,21-Oct
BM5.16.3,16,21-Oct
BM5.16.4,15,21-Oct
BM5.16.5,13,21-Oct
BM5.16.6,18,21-Oct
BM5.24.1,13,21-Oct
BM5.24.2,17,21-Oct
BM5.24.3,32,21-Oct
BM5.24.4,4,21-Oct
BM5.24.5,15,21-Oct
BM5.24.6,15,21-Oct
BM6.0.1,14,21-Oct
BM6.0.2,12,21-Oct
BM6.0.3,17,21-Oct
BM6.0.4,23,21-Oct
BM6.0.5,27,21-Oct
BM6.0.6,26,21-Oct
BM6.8.1,20,21-Oct
BM6.8.2,8,21-Oct
BM6.8.3,13,21-Oct
BM6.8.4,18,21-Oct
BM6.8.5,13,21-Oct
BM6.8.6,9,21-Oct
BM6.16.1,10,21-Oct
BM6.16.2,10,21-Oct
BM6.16.3,9,21-Oct
BM6.16.4,13,21-Oct
BM6.16.5,15,21-Oct
BM6.16.6,8,21-Oct
BM6.24.1,17,21-Oct
BM6.24.2,15,21-Oct
BM6.24.3,4,21-Oct
BM6.24.4,7,21-Oct
BM6.24.5,13,21-Oct
BM6.24.6,10,21-Oct
LB1.0.1,8,25-Oct
LB1.0.2,9,25-Oct
LB1.0.3,10,25-Oct
LB1.0.4,19,25-Oct
LB1.0.5,11,25-Oct
LB1.0.6,21,25-Oct
LB1.8.1,8,25-Oct
LB1.8.2,3,25-Oct
LB1.8.3,5,25-Oct
LB1.8.4,6,25-Oct
LB1.8.5,8,25-Oct
LB1.8.6,7,25-Oct
LB1.16.1,8,25-Oct
LB1.16.2,7,25-Oct
LB1.16.3,9,25-Oct
LB1.16.4,8,25-Oct
LB1.16.5,8,25-Oct
LB1.16.6,7,25-Oct
LB1.24.1,8,25-Oct
LB1.24.2,7,25-Oct
LB1.24.3,8,25-Oct
LB1.24.4,4,25-Oct
BL1.24.5,9,25-Oct
LB1.24.6,9,25-Oct
LB2.0.1,5,25-Oct
LB2.0.2,6,25-Oct
LB2.0.3,7,25-Oct
LB2.0.4,6,25-Oct
LB2.0.5,4,25-Oct
LB2.0.6,6,25-Oct
LB2.8.1,8,25-Oct
LB2.8.2,12,25-Oct
LB2.8.3,4,25-Oct
LB2.8.4,8,25-Oct
LB2.8.5,7,25-Oct
LB2.8.6,7,25-Oct
LB2.16.1,5,25-Oct
LB2.16.2,17,25-Oct
LB2.16.3,8,25-Oct
LB2.16.4,5,25-Oct
LB2.16.5,5,25-Oct
LB2.16.6,6,25-Oct
LB2.24.1,5,25-Oct
LB2.24.2,7,25-Oct
LB2.24.3,4,25-Oct
LB2.24.4,6,25-Oct
LB2.24.5,20,25-Oct
LB2.24.6,6,25-Oct
LB3.0.1,7,25-Oct
LB3.0.2,9,25-Oct
LB3.0.3,7,25-Oct
LB3.0.4,6,25-Oct
LB3.0.5,6,25-Oct
LB3.0.6,5,25-Oct
LB3.8.1,8,25-Oct
LB3.8.2,9,25-Oct
LB3.8.3,7,25-Oct
LB3.8.4,7,25-Oct
LB3.8.5,6,25-Oct
LB3.8.6,7,25-Oct
LB3.16.1,7,25-Oct
LB3.16.2,5,25-Oct
LB3.16.3,4,25-Oct
LB3.16.4,6,25-Oct
LB3.16.5,6,25-Oct
LB3.16.6,4,25-Oct
LB3.24.1,19,25-Oct
LB3.24.2,13,25-Oct
LB3.24.3,6,25-Oct
LB3.24.4,6,25-Oct
LB3.24.5,6,25-Oct
LB3.24.6,13,25-Oct
LB4.0.1,6,25-Oct
LB4.0.2,3,25-Oct
LB4.0.3,7,25-Oct
LB4.0.4,20,25-Oct
LB4.0.5,6,25-Oct
LB4.0.6,6,25-Oct
LB4.8.1,6,25-Oct
LB4.8.2,8,25-Oct
LB4.8.3,12,25-Oct
LB4.8.4,17,25-Oct
LB4.8.5,8,25-Oct
LB4.8.6,6,25-Oct
LB4.16.1,3,25-Oct
LB4.16.2,,25-Oct
LB4.16.3,6,25-Oct
LB4.16.4,6,25-Oct
LB4.16.5,6,25-Oct
LB4.16.6,5,25-Oct
LB4.24.1,9,25-Oct
LB4.24.2,12,25-Oct
LB4.24.3,10,25-Oct
LB4.24.4,,25-Oct
LB4.24.5,8,25-Oct
LB4.24.6,14,25-Oct
LB5.0.1,6,25-Oct
LB5.0.2,7,25-Oct
LB5.0.3,7,25-Oct
LB5.0.4,7,25-Oct
LB5.0.5,6,25-Oct
LB5.0.6,6,25-Oct
LB5.8.1,9,25-Oct
LB5.8.2,6,25-Oct
LB5.8.3,6,25-Oct
LB5.8.4,6,25-Oct
LB5.8.5,6,25-Oct
LB5.8.6,6,25-Oct
LB5.16.1,5,25-Oct
LB5.16.2,6,25-Oct
LB5.16.3,5,25-Oct
LB5.16.4,3,25-Oct
LB5.16.5,6,25-Oct
LB5.16.6,7,25-Oct
LB5.24.1,5,25-Oct
LB5.24.2,6,25-Oct
LB5.24.3,9,25-Oct
LB5.24.4,8,25-Oct
LB5.24.5,8,25-Oct
LB5.24.6,20,25-Oct
LB6.0.1,7,25-Oct
LB6.0.2,6,25-Oct
LB6.0.3,7,25-Oct
LB6.0.4,6,25-Oct
LB6.0.5,5,25-Oct
LB6.0.6,5,25-Oct
LB6.8.1,22,25-Oct
LB6.8.2,7,25-Oct
LB6.8.3,10,25-Oct
LB6.8.4,8,25-Oct
LB6.8.5,7,25-Oct
LB6.8.6,6,25-Oct
LB6.16.1,7,25-Oct
LB6.16.2,7,25-Oct
LB6.16.3,7,25-Oct
LB6.16.4,6,25-Oct
LB6.16.5,10,25-Oct
LB6.16.6,4,25-Oct
LB6.24.1,8,25-Oct
LB6.24.2,6,25-Oct
LB6.24.3,5,25-Oct
LB6.24.4,2,25-Oct
LB6.24.5,7,25-Oct
LB6.24.6,9,25-Oct
BG1.0.1,40,25-Oct
BG1.0.2,30,25-Oct
BG1.0.3,31,25-Oct
BG1.0.4,26,25-Oct
BG1.0.5,22,25-Oct
BG1.0.6,30,25-Oct
BG1.8.1,28,25-Oct
BG1.8.2,32,25-Oct
BG1.8.3,24,25-Oct
BG1.8.4,34,25-Oct
BG1.8.5,37,25-Oct
BG1.8.6,27,25-Oct
BG1.16.1,22,25-Oct
BG1.16.2,16,25-Oct
BG1.16.3,28,25-Oct
BG1.16.4,30,25-Oct
BG1.16.5,35,25-Oct
BG1.16.6,,25-Oct
BG1.24.1,10,25-Oct
BG1.24.2,25,25-Oct
BG1.24.3,10,25-Oct
BG1.24.4,14,25-Oct
BG1.24.5,25,25-Oct
BG1.24.6,20,25-Oct
BG2.0.1,32,25-Oct
BG2.0.2,26,25-Oct
BG2.0.3,33,25-Oct
BG2.0.4,30,25-Oct
BG2.0.5,33,25-Oct
BG2.0.6,25,25-Oct
BG2.8.1,36,25-Oct
BG2.8.2,29,25-Oct
BG2.8.3,28,25-Oct
BG2.8.4,28,25-Oct
BG2.8.5,30,25-Oct
BG2.8.6,25,25-Oct
BG2.16.1,20,25-Oct
BG2.16.2,31,25-Oct
BG2.16.3,18,25-Oct
BG2.16.4,17,25-Oct
BG2.16.5,21,25-Oct
BG2.16.6,32,25-Oct
BG2.24.1,15,25-Oct
BG2.24.2,24,25-Oct
BG2.24.3,23,25-Oct
BG2.24.4,17,25-Oct
BG2.24.5,23,25-Oct
BG2.24.6,5,25-Oct
BG3.0.1,12,25-Oct
BG3.0.2,21,25-Oct
BG3.0.3,12,25-Oct
BG3.0.4,23,25-Oct
BG3.0.5,15,25-Oct
BG3.0.6,17,25-Oct
BG3.8.1,28,25-Oct
BG3.8.2,15,25-Oct
BG3.8.3,15,25-Oct
BG3.8.4,28,25-Oct
BG3.8.5,28,25-Oct
BG3.8.6,19,25-Oct
BG3.16.1,35,25-Oct
BG3.16.2,27,25-Oct
BG3.16.3,13,25-Oct
BG3.16.4,18,25-Oct
BG3.16.5,23,25-Oct
BG3.16.6,20,25-Oct
BG3.24.1,15,25-Oct
BG3.24.2,,25-Oct
BG3.24.3,23,25-Oct
BG3.24.4,26,25-Oct
BG3.24.5,14,25-Oct
BG3.24.6,,25-Oct
BG4.0.1,12,25-Oct
BG4.0.2,28,25-Oct
BG4.0.3,33,25-Oct
BG4.0.4,27,25-Oct
BG4.0.5,28,25-Oct
BG4.0.6,34,25-Oct
BG4.8.1,13,25-Oct
BG4.8.2,22,25-Oct
BG4.8.3,34,25-Oct
BG4.8.4,19,25-Oct
BG4.8.5,26,25-Oct
BG4.8.6,17,25-Oct
BG4.16.1,8,25-Oct
BG4.16.2,9,25-Oct
BG4.16.3,8,25-Oct
BG4.16.4,18,25-Oct
BG4.16.5,21,25-Oct
BG4.16.6,13,25-Oct
BG4.24.1,7,25-Oct
BG4.24.2,9,25-Oct
BG4.24.3,14,25-Oct
BG4.24.4,22,25-Oct
BG4.24.5,10,25-Oct
BG4.24.6,,25-Oct
BG5.0.1,42,25-Oct
BG5.0.2,29,25-Oct
BG5.0.3,37,25-Oct
BG5.0.4,35,25-Oct
BG5.0.5,36,25-Oct
BG5.0.6,29,25-Oct
BG5.8.1,22,25-Oct
BG5.8.2,27,25-Oct
BG5.8.3,24,25-Oct
BG5.8.4,25,25-Oct
BG5.8.5,22,25-Oct
BG5.8.6,23,25-Oct
BG5.16.1,6,25-Oct
BG5.16.2,25,25-Oct
BG5.16.3,28,25-Oct
BG5.16.4,29,25-Oct
BG5.16.5,35,25-Oct
BG5.16.6,21,25-Oct
BG5.24.1,12,25-Oct
BG5.24.2,11,25-Oct
BG5.24.3,26,25-Oct
BG5.24.4,10,25-Oct
BG5.24.5,20,25-Oct
BG5.24.6,14,25-Oct
BG6.0.1,30,25-Oct
BG6.0.2,23,25-Oct
BG6.0.3,18,25-Oct
BG6.0.4,37,25-Oct
BG6.0.5,25,25-Oct
BG6.0.6,29,25-Oct
BG6.8.1,16,25-Oct
BG6.8.2,17,25-Oct
BG6.8.3,27,25-Oct
BG6.8.4,20,25-Oct
BG6.8.5,17,25-Oct
BG6.8.6,23,25-Oct
BG6.16.1,19,25-Oct
BG6.16.2,18,25-Oct
BG6.16.3,9,25-Oct
BG6.16.4,27,25-Oct
BG6.16.5,13,25-Oct
BG6.16.6,30,25-Oct
BG6.24.1,26,25-Oct
BG6.24.2,12,25-Oct
BG6.24.3,,25-Oct
BG6.24.4,7,25-Oct
BG6.24.5,16,25-Oct
BG6.24.6,13,25-Oct
SG1.0.1,15,25-Oct
SG1.0.2,16,25-Oct
SG1.0.3,29,25-Oct
SG1.0.4,20,25-Oct
SG1.0.5,32,25-Oct
SG1.0.6,25,25-Oct
SG1.8.1,19,25-Oct
SG1.8.2,14,25-Oct
SG1.8.3,21,25-Oct
SG1.8.4,21,25-Oct
SG1.8.5,36,25-Oct
SG1.8.6,11,25-Oct
SG1.16.1,39,25-Oct
SG1.16.2,22,25-Oct
SG1.16.3,22,25-Oct
SG1.16.4,39,25-Oct
SG1.16.5,20,25-Oct
SG1.16.6,9,25-Oct
SG1.24.1,26,25-Oct
SG1.24.2,29,25-Oct
SG1.24.3,26,25-Oct
SG1.24.4,13,25-Oct
SG1.24.5,36,25-Oct
SG1.24.6,31,25-Oct
SG2.0.1,21,25-Oct
SG2.0.2,23,25-Oct
SG2.0.3,17,25-Oct
SG2.0.4,12,25-Oct
SG2.0.5,27,25-Oct
SG2.0.6,29,25-Oct
SG2.8.1,23,25-Oct
SG2.8.2,19,25-Oct
SG2.8.3,25,25-Oct
SG2.8.4,10,25-Oct
SG2.8.5,19,25-Oct
SG2.8.6,29,25-Oct
SG2.16.1,25,25-Oct
SG2.16.2,30,25-Oct
SG2.16.3,32,25-Oct
SG2.16.4,31,25-Oct
SG2.16.5,22,25-Oct
SG2.16.6,28,25-Oct
SG2.24.1,22,25-Oct
SG2.24.2,21,25-Oct
SG2.24.3,19,25-Oct
SG2.24.4,31,25-Oct
SG2.24.5,17,25-Oct
SG2.24.6,35,25-Oct
SG3.0.1,21,25-Oct
SG3.0.2,18,25-Oct
SG3.0.3,32,25-Oct
SG3.0.4,32,25-Oct
SG3.0.5,16,25-Oct
SG3.0.6,27,25-Oct
SG3.8.1,17,25-Oct
SG3.8.2,29,25-Oct
SG3.8.3,27,25-Oct
SG3.8.4,28,25-Oct
SG3.8.5,25,25-Oct
SG3.8.6,28,25-Oct
SG3.16.1,18,25-Oct
SG3.16.2,10,25-Oct
SG3.16.3,20,25-Oct
SG3.16.4,21,25-Oct
SG3.16.5,14,25-Oct
SG3.16.6,18,25-Oct
SG3.24.1,24,25-Oct
SG3.24.2,25,25-Oct
SG3.24.3,28,25-Oct
SG3.24.4,29,25-Oct
SG3.24.5,23,25-Oct
SG3.24.6,25,25-Oct
SG4.0.1,23,25-Oct
SG4.0.2,13,25-Oct
SG4.0.3,31,25-Oct
SG4.0.4,28,25-Oct
SG4.0.5,24,25-Oct
SG4.0.6,24,25-Oct
SG4.8.1,30,25-Oct
SG4.8.2,31,25-Oct
SG4.8.3,27,25-Oct
SG4.8.4,10,25-Oct
SG4.8.5,36,25-Oct
SG4.8.6,24,25-Oct
SG4.16.1,17,25-Oct
SG4.16.2,16,25-Oct
SG4.16.3,25,25-Oct
SG4.16.4,12,25-Oct
SG4.16.5,10,25-Oct
SG4.16.6,9,25-Oct
SG4.24.1,16,25-Oct
SG4.24.2,10,25-Oct
SG4.24.3,17,25-Oct
SG4.24.4,31,25-Oct
SG4.24.5,12,25-Oct
SG4.24.6,12,25-Oct
SG5.0.1,15,25-Oct
SG5.0.2,27,25-Oct
SG5.0.3,22,25-Oct
SG5.0.4,32,25-Oct
SG5.0.5,29,25-Oct
SG5.0.6,25,25-Oct
SG5.8.1,19,25-Oct
SG5.8.2,,25-Oct
SG5.8.3,30,25-Oct
SG5.8.4,37,25-Oct
SG5.8.5,33,25-Oct
SG5.8.6,34,25-Oct
SG5.16.1,17,25-Oct
SG5.16.2,13,25-Oct
SG5.16.3,18,25-Oct
SG5.16.4,11,25-Oct
SG5.16.5,14,25-Oct
SG5.16.6,17,25-Oct
SG5.24.1,18,25-Oct
SG5.24.2,12,25-Oct
SG5.24.3,25,25-Oct
SG5.24.4,12,25-Oct
SG5.24.5,13,25-Oct
SG5.24.6,11,25-Oct
SG6.0.1,22,25-Oct
SG6.0.2,22,25-Oct
SG6.0.3,20,25-Oct
SG6.0.4,24,25-Oct
SG6.0.5,23,25-Oct
SG6.0.6,20,25-Oct
SG6.8.1,17,25-Oct
SG6.8.2,31,25-Oct
SG6.8.3,27,25-Oct
SG6.8.4,25,25-Oct
SG6.8.5,44,25-Oct
SG6.8.6,29,25-Oct
SG6.16.1,28,25-Oct
SG6.16.2,17,25-Oct
SG6.16.3,11,25-Oct
SG6.16.4,17,25-Oct
SG6.16.5,27,25-Oct
SG6.16.6,32,25-Oct
SG6.24.1,16,25-Oct
SG6.24.2,18,25-Oct
SG6.24.3,39,25-Oct
SG6.24.4,31,25-Oct
SG6.24.5,22,25-Oct
SG6.24.6,5,25-Oct
BM1.0.1,14,28-Oct
BG1.0.2,10,28-Oct
BM1.0.3,26,28-Oct
BM1.0.4,11,28-Oct
BM1.0.5,22,28-Oct
BM1.0.6,15,28-Oct
BM1.8.1,12,28-Oct
BM1.8.2,11,28-Oct
BM1.8.3,16,28-Oct
BM1.8.4,16,28-Oct
BM1.8.5,17,28-Oct
BM1.8.6,10,28-Oct
BM1.16.1,11,28-Oct
BM1.16.2,14,28-Oct
BM1.16.3,15,28-Oct
BM1.16.4,14,28-Oct
BM1.16.5,10,28-Oct
BM1.16.6,18,28-Oct
BM1.24.1,18,28-Oct
BM1.24.2,18,28-Oct
BM1.24.3,13,28-Oct
BM1.24.4,19,28-Oct
BM1.24.5,21,28-Oct
BM1.24.6,18,28-Oct
BM2.0.1,31,28-Oct
BM2.0.2,31,28-Oct
BM2.0.3,34,28-Oct
BM2.0.4,25,28-Oct
BM2.0.5,12,28-Oct
BM2.0.6,12,28-Oct
BM2.8.1,26,28-Oct
BM2.8.1,25,28-Oct
BM2.8.3,27,28-Oct
BM2.8.4,28,28-Oct
BM2.8.5,29,28-Oct
BM2.8.6,19,28-Oct
BM2.16.1,19,28-Oct
BM2.16.2,20,28-Oct
BM2.16.3,38,28-Oct
BM2.16.4,18,28-Oct
BM2.16.5,24,28-Oct
BM2.16.6,30,28-Oct
BM2.24.1,22,28-Oct
BM2.24.2,26,28-Oct
BM2.24.3,19,28-Oct
BM2.24.4,27,28-Oct
BM2.24.5,31,28-Oct
BM2.24.6,20,28-Oct
BM3.0.1,11,28-Oct
BM3.0.2,24,28-Oct
BM3.0.3,23,28-Oct
BM3.0.4,26,28-Oct
BM3.0.5,18,28-Oct
BM3.0.6,17,28-Oct
BM3.8.1,31,28-Oct
BM3.8.2,14,28-Oct
BM3.8.3,22,28-Oct
BM3.8.4,26,28-Oct
BM3.8.5,29,28-Oct
BM3.8.6,20,28-Oct
BM3.16.1,18,28-Oct
BM3.16.2,24,28-Oct
BM3.16.3,18,28-Oct
BM3.16.4,24,28-Oct
BM3.16.5,19,28-Oct
BM3.16.6,28,28-Oct
BM3.24.1,20,28-Oct
BM3.24.2,22,28-Oct
BM3.24.3,18,28-Oct
BM3.24.4,26,28-Oct
BM3.24.5,25,28-Oct
BM3.24.6,28,28-Oct
BM4.0.1,24,28-Oct
BM4.0.2,18,28-Oct
BM4.0.3,24,28-Oct
BM4.0.4,22,28-Oct
BM4.0.5,27,28-Oct
BM4.0.6,20,28-Oct
BM4.8.1,16,28-Oct
BM4.8.2,18,28-Oct
BM4.8.3,15,28-Oct
BM4.8.4,22,28-Oct
BM4.8.5,21,28-Oct
BM4.8.6,23,28-Oct
BM4.16.1,15,28-Oct
BM4.16.2,34,28-Oct
BM4.16.3,35,28-Oct
BM4.16.4,20,28-Oct
BM4.16.5,21,28-Oct
BM4.16.6,19,28-Oct
BM4.24.1,15,28-Oct
BM4.24.2,16,28-Oct
BM4.24.3,43,28-Oct
BM4.24.4,19,28-Oct
BM4.24.5,12,28-Oct
BM4.24.6,9,28-Oct
BM5.0.1,22,28-Oct
BM5.0.2,30,28-Oct
BM5.0.3,36,28-Oct
BM5.0.4,29,28-Oct
BM5.0.5,26,28-Oct
BM5.0.6,23,28-Oct
BM5.8.1,18,28-Oct
BM5.8.2,29,28-Oct
BM5.8.3,27,28-Oct
BM5.8.4,47,28-Oct
BM5.8.5,26,28-Oct
BM5.8.6,22,28-Oct
BM5.16.1,20,28-Oct
BM5.16.2,23,28-Oct
BM5.16.3,27,28-Oct
BM5.16.4,25,28-Oct
BM5.16.5,21,28-Oct
BM5.16.6,27,28-Oct
BM5.24.1,21,28-Oct
BM5.24.2,29,28-Oct
BM5.24.3,38,28-Oct
BM5.24.4,29,28-Oct
BM5.24.5,24,28-Oct
BM5.24.6,26,28-Oct
BM6.0.1,23,28-Oct
BM6.0.2,21,28-Oct
BM6.0.3,27,28-Oct
BM6.0.4,30,28-Oct
BM6.0.5,34,28-Oct
BM6.0.6,39,28-Oct
BM6.8.1,32,28-Oct
BM6.8.2,16,28-Oct
BM6.8.3,24,28-Oct
BM6.8.4,18,28-Oct
BM6.8.5,23,28-Oct
BM6.8.6,16,28-Oct
BM6.16.1,18,28-Oct
BM6.16.2,19,28-Oct
BM6.16.3,16,28-Oct
BM6.16.4,19,28-Oct
BM6.16.5,25,28-Oct
BM6.16.6,17,28-Oct
BM6.24.1,27,28-Oct
BM6.24.2,22,28-Oct
BM6.24.3,10,28-Oct
BM6.24.4,16,28-Oct
BM6.24.5,21,28-Oct
BM6.24.6,20,28-Oct
LB1.0.1,11,1-Nov
LB1.0.2,13,1-Nov
LB1.0.3,13,1-Nov
LB1.0.4,21,1-Nov
LB1.0.5,15,1-Nov
LB1.0.6,26,1-Nov
LB1.8.1,9,1-Nov
LB1.8.2,4,1-Nov
LB1.8.3,5,1-Nov
LB1.8.4,6,1-Nov
LB1.8.5,8,1-Nov
LB1.8.6,7,1-Nov
LB1.16.1,6,1-Nov
LB1.16.2,9,1-Nov
LB1.16.3,9,1-Nov
LB1.16.4,11,1-Nov
LB1.16.5,9,1-Nov
LB1.16.6,7,1-Nov
LB1.24.1,9,1-Nov
LB1.24.2,10,1-Nov
LB1.24.3,7,1-Nov
LB1.24.4,4,1-Nov
BL1.24.5,9,1-Nov
LB1.24.6,9,1-Nov
LB2.0.1,5,1-Nov
LB2.0.2,7,1-Nov
LB2.0.3,7,1-Nov
LB2.0.4,6,1-Nov
LB2.0.5,4,1-Nov
LB2.0.6,6,1-Nov
LB2.8.1,8,1-Nov
LB2.8.2,12,1-Nov
LB2.8.3,5,1-Nov
LB2.8.4,8,1-Nov
LB2.8.5,8,1-Nov
LB2.8.6,7,1-Nov
LB2.16.1,5,1-Nov
LB2.16.2,21,1-Nov
LB2.16.3,8,1-Nov
LB2.16.4,5,1-Nov
LB2.16.5,5,1-Nov
LB2.16.6,6,1-Nov
LB2.24.1,5,1-Nov
LB2.24.2,6,1-Nov
LB2.24.3,4,1-Nov
LB2.24.4,6,1-Nov
LB2.24.5,20,1-Nov
LB2.24.6,6,1-Nov
LB3.0.1,8,1-Nov
LB3.0.2,12,1-Nov
LB3.0.3,7,1-Nov
LB3.0.4,6,1-Nov
LB3.0.5,6,1-Nov
LB3.0.6,5,1-Nov
LB3.8.1,7,1-Nov
LB3.8.2,12,1-Nov
LB3.8.3,9,1-Nov
LB3.8.4,7,1-Nov
LB3.8.5,6,1-Nov
LB3.8.6,7,1-Nov
LB3.16.1,8,1-Nov
LB3.16.2,6,1-Nov
LB3.16.3,5,1-Nov
LB3.16.4,7,1-Nov
LB3.16.5,7,1-Nov
LB3.16.6,5,1-Nov
LB3.24.1,19,1-Nov
LB3.24.2,13,1-Nov
LB3.24.3,7,1-Nov
LB3.24.4,7,1-Nov
LB3.24.5,6,1-Nov
LB3.24.6,13,1-Nov
LB4.0.1,6,1-Nov
LB4.0.2,3,1-Nov
LB4.0.3,7,1-Nov
LB4.0.4,20,1-Nov
LB4.0.5,7,1-Nov
LB4.0.6,6,1-Nov
LB4.8.1,7,1-Nov
LB4.8.2,9,1-Nov
LB4.8.3,12,1-Nov
LB4.8.4,17,1-Nov
LB4.8.5,8,1-Nov
LB4.8.6,6,1-Nov
LB4.16.1,3,1-Nov
LB4.16.2,,1-Nov
LB4.16.3,5,1-Nov
LB4.16.4,6,1-Nov
LB4.16.5,6,1-Nov
LB4.16.6,5,1-Nov
LB4.24.1,10,1-Nov
LB4.24.2,12,1-Nov
LB4.24.3,10,1-Nov
LB4.24.4,,1-Nov
LB4.24.5,8,1-Nov
LB4.24.6,14,1-Nov
LB5.0.1,7,1-Nov
LB5.0.2,8,1-Nov
LB5.0.3,10,1-Nov
LB5.0.4,9,1-Nov
LB5.0.5,7,1-Nov
LB5.0.6,7,1-Nov
LB5.8.1,9,1-Nov
LB5.8.2,6,1-Nov
LB5.8.3,6,1-Nov
LB5.8.4,7,1-Nov
LB5.8.5,7,1-Nov
LB5.8.6,7,1-Nov
LB5.16.1,6,1-Nov
LB5.16.2,7,1-Nov
LB5.16.3,5,1-Nov
LB5.16.4,3,1-Nov
LB5.16.5,7,1-Nov
LB5.16.6,7,1-Nov
LB5.24.1,5,1-Nov
LB5.24.2,7,1-Nov
LB5.24.3,12,1-Nov
LB5.24.4,8,1-Nov
LB5.24.5,8,1-Nov
LB5.24.6,20,1-Nov
LB6.0.1,10,1-Nov
LB6.0.2,7,1-Nov
LB6.0.3,7,1-Nov
LB6.0.4,7,1-Nov
LB6.0.5,6,1-Nov
LB6.0.6,5,1-Nov
LB6.8.1,22,1-Nov
LB6.8.2,7,1-Nov
LB6.8.3,10,1-Nov
LB6.8.4,10,1-Nov
LB6.8.5,9,1-Nov
LB6.8.6,6,1-Nov
LB6.16.1,7,1-Nov
LB6.16.2,6,1-Nov
LB6.16.3,7,1-Nov
LB6.16.4,6,1-Nov
LB6.16.5,10,1-Nov
LB6.16.6,6,1-Nov
LB6.24.1,9,1-Nov
LB6.24.2,6,1-Nov
LB6.24.3,5,1-Nov
LB6.24.4,2,1-Nov
LB6.24.5,7,1-Nov
LB6.24.6,8,1-Nov
BG1.0.1,50,1-Nov
BG1.0.2,37,1-Nov
BG1.0.3,43,1-Nov
BG1.0.4,37,1-Nov
BG1.0.5,36,1-Nov
BG1.0.6,42,1-Nov
BG1.8.1,37,1-Nov
BG1.8.2,40,1-Nov
BG1.8.3,33,1-Nov
BG1.8.4,44,1-Nov
BG1.8.5,43,1-Nov
BG1.8.6,36,1-Nov
BG1.16.1,32,1-Nov
BG1.16.2,26,1-Nov
BG1.16.3,36,1-Nov
BG1.16.4,40,1-Nov
BG1.16.5,44,1-Nov
BG1.16.6,,1-Nov
BG1.24.1,11,1-Nov
BG1.24.2,33,1-Nov
BG1.24.3,12,1-Nov
BG1.24.4,37,1-Nov
BG1.24.5,26,1-Nov
BG1.24.6,21,1-Nov
BG2.0.1,36,1-Nov
BG2.0.2,34,1-Nov
BG2.0.3,44,1-Nov
BG2.0.4,42,1-Nov
BG2.0.5,41,1-Nov
BG2.0.6,45,1-Nov
BG2.8.1,39,1-Nov
BG2.8.2,39,1-Nov
BG2.8.3,40,1-Nov
BG2.8.4,37,1-Nov
BG2.8.5,40,1-Nov
BG2.8.6,32,1-Nov
BG2.16.1,25,1-Nov
BG2.16.2,41,1-Nov
BG2.16.3,27,1-Nov
BG2.16.4,14,1-Nov
BG2.16.5,32,1-Nov
BG2.16.6,39,1-Nov
BG2.24.1,25,1-Nov
BG2.24.2,35,1-Nov
BG2.24.3,26,1-Nov
BG2.24.4,31,1-Nov
BG2.24.5,23,1-Nov
BG2.24.6,5,1-Nov
BG3.0.1,17,1-Nov
BG3.0.2,30,1-Nov
BG3.0.3,16,1-Nov
BG3.0.4,31,1-Nov
BG3.0.5,20,1-Nov
BG3.0.6,26,1-Nov
BG3.8.1,31,1-Nov
BG3.8.2,19,1-Nov
BG3.8.3,23,1-Nov
BG3.8.4,31,1-Nov
BG3.8.5,31,1-Nov
BG3.8.6,22,1-Nov
BG3.16.1,40,1-Nov
BG3.16.2,31,1-Nov
BG3.16.3,22,1-Nov
BG3.16.4,23,1-Nov
BG3.16.5,32,1-Nov
BG3.16.6,23,1-Nov
BG3.24.1,15,1-Nov
BG3.24.2,,1-Nov
BG3.24.3,23,1-Nov
BG3.24.4,25,1-Nov
BG3.24.5,14,1-Nov
BG3.24.6,,1-Nov
BG4.0.1,19,1-Nov
BG4.0.2,39,1-Nov
BG4.0.3,35,1-Nov
BG4.0.4,30,1-Nov
BG4.0.5,54,1-Nov
BG4.0.6,42,1-Nov
BG4.8.1,18,1-Nov
BG4.8.2,27,1-Nov
BG4.8.3,45,1-Nov
BG4.8.4,29,1-Nov
BG4.8.5,33,1-Nov
BG4.8.6,8,1-Nov
BG4.16.1,,1-Nov
BG4.16.2,8,1-Nov
BG4.16.3,9,1-Nov
BG4.16.4,25,1-Nov
BG4.16.5,31,1-Nov
BG4.16.6,,1-Nov
BG4.24.1,7,1-Nov
BG4.24.2,8,1-Nov
BG4.24.3,14,1-Nov
BG4.24.4,28,1-Nov
BG4.24.5,11,1-Nov
BG4.24.6,,1-Nov
BG5.0.1,45,1-Nov
BG5.0.2,40,1-Nov
BG5.0.3,40,1-Nov
BG5.0.4,44,1-Nov
BG5.0.5,41,1-Nov
BG5.0.6,42,1-Nov
BG5.8.1,30,1-Nov
BG5.8.2,37,1-Nov
BG5.8.3,33,1-Nov
BG5.8.4,32,1-Nov
BG5.8.5,30,1-Nov
BG5.8.6,31,1-Nov
BG5.16.1,5,1-Nov
BG5.16.2,28,1-Nov
BG5.16.3,30,1-Nov
BG5.16.4,38,1-Nov
BG5.16.5,40,1-Nov
BG5.16.6,30,1-Nov
BG5.24.1,13,1-Nov
BG5.24.2,11,1-Nov
BG5.24.3,31,1-Nov
BG5.24.4,12,1-Nov
BG5.24.5,29,1-Nov
BG5.24.6,,1-Nov
BG6.0.1,34,1-Nov
BG6.0.2,30,1-Nov
BG6.0.3,30,1-Nov
BG6.0.4,48,1-Nov
BG6.0.5,33,1-Nov
BG6.0.6,39,1-Nov
BG6.8.1,19,1-Nov
BG6.8.2,20,1-Nov
BG6.8.3,36,1-Nov
BG6.8.4,30,1-Nov
BG6.8.5,29,1-Nov
BG6.8.6,24,1-Nov
BG6.16.1,25,1-Nov
BG6.16.2,25,1-Nov
BG6.16.3,10,1-Nov
BG6.16.4,31,1-Nov
BG6.16.5,16,1-Nov
BG6.16.6,42,1-Nov
BG6.24.1,35,1-Nov
BG6.24.2,15,1-Nov
BG6.24.3,,1-Nov
BG6.24.4,,1-Nov
BG6.24.5,20,1-Nov
BG6.24.6,16,1-Nov
SG1.0.1,16,1-Nov
SG1.0.2,16,1-Nov
SG1.0.3,31,1-Nov
SG1.0.4,23,1-Nov
SG1.0.5,35,1-Nov
SG1.0.6,26,1-Nov
SG1.8.1,22,1-Nov
SG1.8.2,16,1-Nov
SG1.8.3,27,1-Nov
SG1.8.4,30,1-Nov
SG1.8.5,42,1-Nov
SG1.8.6,14,1-Nov
SG1.16.1,44,1-Nov
SG1.16.2,26,1-Nov
SG1.16.3,25,1-Nov
SG1.16.4,48,1-Nov
SG1.16.5,20,1-Nov
SG1.16.6,11,1-Nov
SG1.24.1,29,1-Nov
SG1.24.2,33,1-Nov
SG1.24.3,26,1-Nov
SG1.24.4,13,1-Nov
SG1.24.5,38,1-Nov
SG1.24.6,32,1-Nov
SG2.0.1,31,1-Nov
SG2.0.2,23,1-Nov
SG2.0.3,17,1-Nov
SG2.0.4,13,1-Nov
SG2.0.5,30,1-Nov
SG2.0.6,35,1-Nov
SG2.8.1,28,1-Nov
SG2.8.2,21,1-Nov
SG2.8.3,24,1-Nov
SG2.8.4,10,1-Nov
SG2.8.5,21,1-Nov
SG2.8.6,32,1-Nov
SG2.16.1,27,1-Nov
SG2.16.2,44,1-Nov
SG2.16.3,34,1-Nov
SG2.16.4,32,1-Nov
SG2.16.5,22,1-Nov
SG2.16.6,33,1-Nov
SG2.24.1,23,1-Nov
SG2.24.2,21,1-Nov
SG2.24.3,19,1-Nov
SG2.24.4,35,1-Nov
SG2.24.5,20,1-Nov
SG2.24.6,33,1-Nov
SG3.0.1,21,1-Nov
SG3.0.2,20,1-Nov
SG3.0.3,46,1-Nov
SG3.0.4,43,1-Nov
SG3.0.5,17,1-Nov
SG3.0.6,31,1-Nov
SG3.8.1,16,1-Nov
SG3.8.2,40,1-Nov
SG3.8.3,28,1-Nov
SG3.8.4,33,1-Nov
SG3.8.5,28,1-Nov
SG3.8.6,28,1-Nov
SG3.16.1,19,1-Nov
SG3.16.2,11,1-Nov
SG3.16.3,29,1-Nov
SG3.16.4,26,1-Nov
SG3.16.5,13,1-Nov
SG3.16.6,17,1-Nov
SG3.24.1,25,1-Nov
SG3.24.2,30,1-Nov
SG3.24.3,29,1-Nov
SG3.24.4,32,1-Nov
SG3.24.5,23,1-Nov
SG3.24.6,26,1-Nov
SG4.0.1,29,1-Nov
SG4.0.2,29,1-Nov
SG4.0.3,40,1-Nov
SG4.0.4,31,1-Nov
SG4.0.5,47,1-Nov
SG4.0.6,25,1-Nov
SG4.8.1,36,1-Nov
SG4.8.2,31,1-Nov
SG4.8.3,35,1-Nov
SG4.8.4,6,1-Nov
SG4.8.5,39,1-Nov
SG4.8.6,25,1-Nov
SG4.16.1,18,1-Nov
SG4.16.2,15,1-Nov
SG4.16.3,25,1-Nov
SG4.16.4,12,1-Nov
SG4.16.5,11,1-Nov
SG4.16.6,12,1-Nov
SG4.24.1,17,1-Nov
SG4.24.2,10,1-Nov
SG4.24.3,20,1-Nov
SG4.24.4,41,1-Nov
SG4.24.5,14,1-Nov
SG4.24.6,14,1-Nov
SG5.0.1,19,1-Nov
SG5.0.2,31,1-Nov
SG5.0.3,22,1-Nov
SG5.0.4,42,1-Nov
SG5.0.5,31,1-Nov
SG5.0.6,31,1-Nov
SG5.8.1,19,1-Nov
SG5.8.2,,1-Nov
SG5.8.3,32,1-Nov
SG5.8.4,45,1-Nov
SG5.8.5,35,1-Nov
SG5.8.6,34,1-Nov
SG5.16.1,17,1-Nov
SG5.16.2,13,1-Nov
SG5.16.3,18,1-Nov
SG5.16.4,13,1-Nov
SG5.16.5,13,1-Nov
SG5.16.6,19,1-Nov
SG5.24.1,17,1-Nov
SG5.24.2,12,1-Nov
SG5.24.3,25,1-Nov
SG5.24.4,13,1-Nov
SG5.24.5,16,1-Nov
SG5.24.6,7,1-Nov
SG6.0.1,22,1-Nov
SG6.0.2,22,1-Nov
SG6.0.3,21,1-Nov
SG6.0.4,26,1-Nov
SG6.0.5,23,1-Nov
SG6.0.6,23,1-Nov
SG6.8.1,16,1-Nov
SG6.8.2,34,1-Nov
SG6.8.3,31,1-Nov
SG6.8.4,25,1-Nov
SG6.8.5,47,1-Nov
SG6.8.6,44,1-Nov
SG6.16.1,40,1-Nov
SG6.16.2,18,1-Nov
SG6.16.3,12,1-Nov
SG6.16.4,16,1-Nov
SG6.16.5,34,1-Nov
SG6.16.6,38,1-Nov
SG6.24.1,17,1-Nov
SG6.24.2,18,1-Nov
SG6.24.3,45,1-Nov
SG6.24.4,30,1-Nov
SG6.24.5,26,1-Nov
SG6.24.6,7,1-Nov
BM1.0.1,24,4-Nov
BG1.0.2,13,4-Nov
BM1.0.3,39,4-Nov
BM1.0.4,32,4-Nov
BM1.0.5,29,4-Nov
BM1.0.6,30,4-Nov
BM1.8.1,23,4-Nov
BM1.8.2,21,4-Nov
BM1.8.3,29,4-Nov
BM1.8.4,28,4-Nov
BM1.8.5,28,4-Nov
BM1.8.6,18,4-Nov
BM1.16.1,22,4-Nov
BM1.16.2,21,4-Nov
BM1.16.3,27,4-Nov
BM1.16.4,24,4-Nov
BM1.16.5,30,4-Nov
BM1.16.6,17,4-Nov
BM1.24.1,26,4-Nov
BM1.24.2,30,4-Nov
BM1.24.3,21,4-Nov
BM1.24.4,30,4-Nov
BM1.24.5,34,4-Nov
BM1.24.6,30,4-Nov
BM2.0.1,44,4-Nov
BM2.0.2,45,4-Nov
BM2.0.3,43,4-Nov
BM2.0.4,38,4-Nov
BM2.0.5,23,4-Nov
BM2.0.6,22,4-Nov
BM2.8.1,39,4-Nov
BM2.8.1,37,4-Nov
BM2.8.3,30,4-Nov
BM2.8.4,35,4-Nov
BM2.8.5,34,4-Nov
BM2.8.6,31,4-Nov
BM2.16.1,26,4-Nov
BM2.16.2,29,4-Nov
BM2.16.3,51,4-Nov
BM2.16.4,40,4-Nov
BM2.16.5,35,4-Nov
BM2.16.6,28,4-Nov
BM2.24.1,31,4-Nov
BM2.24.2,40,4-Nov
BM2.24.3,30,4-Nov
BM2.24.4,36,4-Nov
BM2.24.5,46,4-Nov
BM2.24.6,30,4-Nov
BM3.0.1,19,4-Nov
BM3.0.2,37,4-Nov
BM3.0.3,31,4-Nov
BM3.0.4,37,4-Nov
BM3.0.5,30,4-Nov
BM3.0.6,31,4-Nov
BM3.8.1,43,4-Nov
BM3.8.2,27,4-Nov
BM3.8.3,36,4-Nov
BM3.8.4,43,4-Nov
BM3.8.5,35,4-Nov
BM3.8.6,32,4-Nov
BM3.16.1,30,4-Nov
BM3.16.2,30,4-Nov
BM3.16.3,27,4-Nov
BM3.16.4,36,4-Nov
BM3.16.5,32,4-Nov
BM3.16.6,37,4-Nov
BM3.24.1,30,4-Nov
BM3.24.2,35,4-Nov
BM3.24.3,27,4-Nov
BM3.24.4,37,4-Nov
BM3.24.5,25,4-Nov
BM3.24.6,40,4-Nov
BM4.0.1,36,4-Nov
BM4.0.2,30,4-Nov
BM4.0.3,32,4-Nov
BM4.0.4,37,4-Nov
BM4.0.5,42,4-Nov
BM4.0.6,29,4-Nov
BM4.8.1,25,4-Nov
BM4.8.2,28,4-Nov
BM4.8.3,27,4-Nov
BM4.8.4,30,4-Nov
BM4.8.5,32,4-Nov
BM4.8.6,32,4-Nov
BM4.16.1,24,4-Nov
BM4.16.2,41,4-Nov
BM4.16.3,42,4-Nov
BM4.16.4,30,4-Nov
BM4.16.5,32,4-Nov
BM4.16.6,30,4-Nov
BM4.24.1,24,4-Nov
BM4.24.2,25,4-Nov
BM4.24.3,47,4-Nov
BM4.24.4,31,4-Nov
BM4.24.5,21,4-Nov
BM4.24.6,18,4-Nov
BM5.0.1,33,4-Nov
BM5.0.2,30,4-Nov
BM5.0.3,45,4-Nov
BM5.0.4,42,4-Nov
BM5.0.5,30,4-Nov
BM5.0.6,29,4-Nov
BM5.8.1,25,4-Nov
BM5.8.2,35,4-Nov
BM5.8.3,31,4-Nov
BM5.8.4,59,4-Nov
BM5.8.5,38,4-Nov
BM5.8.6,26,4-Nov
BM5.16.1,31,4-Nov
BM5.16.2,34,4-Nov
BM5.16.3,36,4-Nov
BM5.16.4,35,4-Nov
BM5.16.5,36,4-Nov
BM5.16.6,42,4-Nov
BM5.24.1,31,4-Nov
BM5.24.2,43,4-Nov
BM5.24.3,48,4-Nov
BM5.24.4,35,4-Nov
BM5.24.5,36,4-Nov
BM5.24.6,39,4-Nov
BM6.0.1,30,4-Nov
BM6.0.2,30,4-Nov
BM6.0.3,36,4-Nov
BM6.0.4,44,4-Nov
BM6.0.5,56,4-Nov
BM6.0.6,50,4-Nov
BM6.8.1,38,4-Nov
BM6.8.2,31,4-Nov
BM6.8.3,35,4-Nov
BM6.8.4,30,4-Nov
BM6.8.5,33,4-Nov
BM6.8.6,28,4-Nov
BM6.16.1,27,4-Nov
BM6.16.2,32,4-Nov
BM6.16.3,30,4-Nov
BM6.16.4,36,4-Nov
BM6.16.5,38,4-Nov
BM6.16.6,27,4-Nov
BM6.24.1,38,4-Nov
BM6.24.2,32,4-Nov
BM6.24.3,20,4-Nov
BM6.24.4,25,4-Nov
BM6.24.5,31,4-Nov
BM6.24.6,32,4-Nov
LB1.0.1,12,8-Nov
LB1.0.2,15,8-Nov
LB1.0.3,17,8-Nov
LB1.0.4,22,8-Nov
LB1.0.5,20,8-Nov
LB1.0.6,30,8-Nov
LB1.8.1,9,8-Nov
LB1.8.2,4,8-Nov
LB1.8.3,5,8-Nov
LB1.8.4,6,8-Nov
LB1.8.5,8,8-Nov
LB1.8.6,7,8-Nov
LB1.16.1,6,8-Nov
LB1.16.2,10,8-Nov
LB1.16.3,9,8-Nov
LB1.16.4,13,8-Nov
LB1.16.5,7,8-Nov
LB1.16.6,9,8-Nov
LB1.24.1,8,8-Nov
LB1.24.2,11,8-Nov
LB1.24.3,6,8-Nov
LB1.24.4,4,8-Nov
BL1.24.5,9,8-Nov
LB1.24.6,9,8-Nov
LB2.0.1,5,8-Nov
LB2.0.2,6,8-Nov
LB2.0.3,7,8-Nov
LB2.0.4,6,8-Nov
LB2.0.5,4,8-Nov
LB2.0.6,6,8-Nov
LB2.8.1,8,8-Nov
LB2.8.2,12,8-Nov
LB2.8.3,4,8-Nov
LB2.8.4,8,8-Nov
LB2.8.5,8,8-Nov
LB2.8.6,7,8-Nov
LB2.16.1,4,8-Nov
LB2.16.2,22,8-Nov
LB2.16.3,9,8-Nov
LB2.16.4,5,8-Nov
LB2.16.5,4,8-Nov
LB2.16.6,7,8-Nov
LB2.24.1,5,8-Nov
LB2.24.2,6,8-Nov
LB2.24.3,4,8-Nov
LB2.24.4,6,8-Nov
LB2.24.5,20,8-Nov
LB2.24.6,6,8-Nov
LB3.0.1,9,8-Nov
LB3.0.2,15,8-Nov
LB3.0.3,7,8-Nov
LB3.0.4,6,8-Nov
LB3.0.5,6,8-Nov
LB3.0.6,5,8-Nov
LB3.8.1,7,8-Nov
LB3.8.2,12,8-Nov
LB3.8.3,11,8-Nov
LB3.8.4,7,8-Nov
LB3.8.5,6,8-Nov
LB3.8.6,9,8-Nov
LB3.16.1,8,8-Nov
LB3.16.2,6,8-Nov
LB3.16.3,4,8-Nov
LB3.16.4,7,8-Nov
LB3.16.5,6,8-Nov
LB3.16.6,5,8-Nov
LB3.24.1,19,8-Nov
LB3.24.2,13,8-Nov
LB3.24.3,7,8-Nov
LB3.24.4,4,8-Nov
LB3.24.5,6,8-Nov
LB3.24.6,13,8-Nov
LB4.0.1,6,8-Nov
LB4.0.2,3,8-Nov
LB4.0.3,7,8-Nov
LB4.0.4,20,8-Nov
LB4.0.5,7,8-Nov
LB4.0.6,6,8-Nov
LB4.8.1,7,8-Nov
LB4.8.2,9,8-Nov
LB4.8.3,12,8-Nov
LB4.8.4,17,8-Nov
LB4.8.5,6,8-Nov
LB4.8.6,8,8-Nov
LB4.16.1,3,8-Nov
LB4.16.2,,8-Nov
LB4.16.3,5,8-Nov
LB4.16.4,6,8-Nov
LB4.16.5,6,8-Nov
LB4.16.6,5,8-Nov
LB4.24.1,10,8-Nov
LB4.24.2,12,8-Nov
LB4.24.3,10,8-Nov
LB4.24.4,,8-Nov
LB4.24.5,8,8-Nov
LB4.24.6,14,8-Nov
LB5.0.1,8,8-Nov
LB5.0.2,12,8-Nov
LB5.0.3,11,8-Nov
LB5.0.4,11,8-Nov
LB5.0.5,9,8-Nov
LB5.0.6,7,8-Nov
LB5.8.1,9,8-Nov
LB5.8.2,6,8-Nov
LB5.8.3,6,8-Nov
LB5.8.4,6,8-Nov
LB5.8.5,7,8-Nov
LB5.8.6,6,8-Nov
LB5.16.1,5,8-Nov
LB5.16.2,7,8-Nov
LB5.16.3,5,8-Nov
LB5.16.4,3,8-Nov
LB5.16.5,7,8-Nov
LB5.16.6,7,8-Nov
LB5.24.1,7,8-Nov
LB5.24.2,14,8-Nov
LB5.24.3,13,8-Nov
LB5.24.4,8,8-Nov
LB5.24.5,20,8-Nov
LB5.24.6,,8-Nov
LB6.0.1,11,8-Nov
LB6.0.2,8,8-Nov
LB6.0.3,7,8-Nov
LB6.0.4,8,8-Nov
LB6.0.5,7,8-Nov
LB6.0.6,6,8-Nov
LB6.8.1,20,8-Nov
LB6.8.2,6,8-Nov
LB6.8.3,10,8-Nov
LB6.8.4,16,8-Nov
LB6.8.5,10,8-Nov
LB6.8.6,6,8-Nov
LB6.16.1,7,8-Nov
LB6.16.2,6,8-Nov
LB6.16.3,7,8-Nov
LB6.16.4,6,8-Nov
LB6.16.5,10,8-Nov
LB6.16.6,6,8-Nov
LB6.24.1,7,8-Nov
LB6.24.2,6,8-Nov
LB6.24.3,5,8-Nov
LB6.24.4,2,8-Nov
LB6.24.5,7,8-Nov
LB6.24.6,9,8-Nov
BG1.0.1,56,8-Nov
BG1.0.2,41,8-Nov
BG1.0.3,47,8-Nov
BG1.0.4,46,8-Nov
BG1.0.5,36,8-Nov
BG1.0.6,50,8-Nov
BG1.8.1,45,8-Nov
BG1.8.2,43,8-Nov
BG1.8.3,39,8-Nov
BG1.8.4,45,8-Nov
BG1.8.5,51,8-Nov
BG1.8.6,45,8-Nov
BG1.16.1,41,8-Nov
BG1.16.2,32,8-Nov
BG1.16.3,45,8-Nov
BG1.16.4,48,8-Nov
BG1.16.5,54,8-Nov
BG1.16.6,,8-Nov
BG1.24.1,11,8-Nov
BG1.24.2,45,8-Nov
BG1.24.3,12,8-Nov
BG1.24.4,45,8-Nov
BG1.24.5,33,8-Nov
BG1.24.6,30,8-Nov
BG2.0.1,44,8-Nov
BG2.0.2,39,8-Nov
BG2.0.3,54,8-Nov
BG2.0.4,53,8-Nov
BG2.0.5,50,8-Nov
BG2.0.6,46,8-Nov
BG2.8.1,47,8-Nov
BG2.8.2,37,8-Nov
BG2.8.3,50,8-Nov
BG2.8.4,47,8-Nov
BG2.8.5,50,8-Nov
BG2.8.6,40,8-Nov
BG2.16.1,35,8-Nov
BG2.16.2,47,8-Nov
BG2.16.3,36,8-Nov
BG2.16.4,14,8-Nov
BG2.16.5,47,8-Nov
BG2.16.6,45,8-Nov
BG2.24.1,33,8-Nov
BG2.24.2,43,8-Nov
BG2.24.3,30,8-Nov
BG2.24.4,38,8-Nov
BG2.24.5,33,8-Nov
BG2.24.6,,8-Nov
BG3.0.1,20,8-Nov
BG3.0.2,34,8-Nov
BG3.0.3,22,8-Nov
BG3.0.4,28,8-Nov
BG3.0.5,24,8-Nov
BG3.0.6,35,8-Nov
BG3.8.1,36,8-Nov
BG3.8.2,24,8-Nov
BG3.8.3,28,8-Nov
BG3.8.4,34,8-Nov
BG3.8.5,40,8-Nov
BG3.8.6,24,8-Nov
BG3.16.1,44,8-Nov
BG3.16.2,37,8-Nov
BG3.16.3,34,8-Nov
BG3.16.4,27,8-Nov
BG3.16.5,40,8-Nov
BG3.16.6,27,8-Nov
BG3.24.1,17,8-Nov
BG3.24.2,,8-Nov
BG3.24.3,39,8-Nov
BG3.24.4,39,8-Nov
BG3.24.5,20,8-Nov
BG3.24.6,,8-Nov
BG4.0.1,28,8-Nov
BG4.0.2,45,8-Nov
BG4.0.3,47,8-Nov
BG4.0.4,34,8-Nov
BG4.0.5,64,8-Nov
BG4.0.6,47,8-Nov
BG4.8.1,26,8-Nov
BG4.8.2,33,8-Nov
BG4.8.3,51,8-Nov
BG4.8.4,38,8-Nov
BG4.8.5,38,8-Nov
BG4.8.6,,8-Nov
BG4.16.1,,8-Nov
BG4.16.2,,8-Nov
BG4.16.3,9,8-Nov
BG4.16.4,33,8-Nov
BG4.16.5,38,8-Nov
BG4.16.6,,8-Nov
BG4.24.1,6,8-Nov
BG4.24.2,11,8-Nov
BG4.24.3,14,8-Nov
BG4.24.4,31,8-Nov
BG4.24.5,13,8-Nov
BG4.24.6,,8-Nov
BG5.0.1,59,8-Nov
BG5.0.2,46,8-Nov
BG5.0.3,50,8-Nov
BG5.0.4,57,8-Nov
BG5.0.5,42,8-Nov
BG5.0.6,48,8-Nov
BG5.8.1,35,8-Nov
BG5.8.2,43,8-Nov
BG5.8.3,40,8-Nov
BG5.8.4,39,8-Nov
BG5.8.5,41,8-Nov
BG5.8.6,42,8-Nov
BG5.16.1,,8-Nov
BG5.16.2,30,8-Nov
BG5.16.3,37,8-Nov
BG5.16.4,48,8-Nov
BG5.16.5,43,8-Nov
BG5.16.6,44,8-Nov
BG5.24.1,13,8-Nov
BG5.24.2,12,8-Nov
BG5.24.3,36,8-Nov
BG5.24.4,12,8-Nov
BG5.24.5,30,8-Nov
BG5.24.6,,8-Nov
BG6.0.1,37,8-Nov
BG6.0.2,39,8-Nov
BG6.0.3,36,8-Nov
BG6.0.4,54,8-Nov
BG6.0.5,37,8-Nov
BG6.0.6,46,8-Nov
BG6.8.1,36,8-Nov
BG6.8.2,26,8-Nov
BG6.8.3,44,8-Nov
BG6.8.4,43,8-Nov
BG6.8.5,38,8-Nov
BG6.8.6,33,8-Nov
BG6.16.1,30,8-Nov
BG6.16.2,26,8-Nov
BG6.16.3,17,8-Nov
BG6.16.4,43,8-Nov
BG6.16.5,18,8-Nov
BG6.16.6,49,8-Nov
BG6.24.1,46,8-Nov
BG6.24.2,18,8-Nov
BG6.24.3,,8-Nov
BG6.24.4,,8-Nov
BG6.24.5,20,8-Nov
BG6.24.6,19,8-Nov
SG1.0.1,15,8-Nov
SG1.0.2,16,8-Nov
SG1.0.3,30,8-Nov
SG1.0.4,23,8-Nov
SG1.0.5,34,8-Nov
SG1.0.6,25,8-Nov
SG1.8.1,22,8-Nov
SG1.8.2,15,8-Nov
SG1.8.3,29,8-Nov
SG1.8.4,32,8-Nov
SG1.8.5,47,8-Nov
SG1.8.6,10,8-Nov
SG1.16.1,45,8-Nov
SG1.16.2,26,8-Nov
SG1.16.3,24,8-Nov
SG1.16.4,52,8-Nov
SG1.16.5,21,8-Nov
SG1.16.6,11,8-Nov
SG1.24.1,30,8-Nov
SG1.24.2,37,8-Nov
SG1.24.3,26,8-Nov
SG1.24.4,13,8-Nov
SG1.24.5,45,8-Nov
SG1.24.6,32,8-Nov
SG2.0.1,38,8-Nov
SG2.0.2,22,8-Nov
SG2.0.3,17,8-Nov
SG2.0.4,12,8-Nov
SG2.0.5,30,8-Nov
SG2.0.6,41,8-Nov
SG2.8.1,27,8-Nov
SG2.8.2,23,8-Nov
SG2.8.3,21,8-Nov
SG2.8.4,11,8-Nov
SG2.8.5,21,8-Nov
SG2.8.6,34,8-Nov
SG2.16.1,28,8-Nov
SG2.16.2,46,8-Nov
SG2.16.3,34,8-Nov
SG2.16.4,32,8-Nov
SG2.16.5,21,8-Nov
SG2.16.6,34,8-Nov
SG2.24.1,21,8-Nov
SG2.24.2,20,8-Nov
SG2.24.3,18,8-Nov
SG2.24.4,36,8-Nov
SG2.24.5,20,8-Nov
SG2.24.6,33,8-Nov
SG3.0.1,22,8-Nov
SG3.0.2,20,8-Nov
SG3.0.3,51,8-Nov
SG3.0.4,46,8-Nov
SG3.0.5,17,8-Nov
SG3.0.6,33,8-Nov
SG3.8.1,15,8-Nov
SG3.8.2,48,8-Nov
SG3.8.3,28,8-Nov
SG3.8.4,46,8-Nov
SG3.8.5,17,8-Nov
SG3.8.6,33,8-Nov
SG3.16.1,21,8-Nov
SG3.16.2,11,8-Nov
SG3.16.3,29,8-Nov
SG3.16.4,26,8-Nov
SG3.16.5,13,8-Nov
SG3.16.6,15,8-Nov
SG3.24.1,25,8-Nov
SG3.24.2,31,8-Nov
SG3.24.3,28,8-Nov
SG3.24.4,30,8-Nov
SG3.24.5,23,8-Nov
SG3.24.6,26,8-Nov
SG4.0.1,24,8-Nov
SG4.0.2,31,8-Nov
SG4.0.3,40,8-Nov
SG4.0.4,31,8-Nov
SG4.0.5,48,8-Nov
SG4.0.6,25,8-Nov
SG4.8.1,40,8-Nov
SG4.8.2,32,8-Nov
SG4.8.3,43,8-Nov
SG4.8.4,8,8-Nov
SG4.8.5,40,8-Nov
SG4.8.6,26,8-Nov
SG4.16.1,18,8-Nov
SG4.16.2,16,8-Nov
SG4.16.3,25,8-Nov
SG4.16.4,10,8-Nov
SG4.16.5,12,8-Nov
SG4.16.6,13,8-Nov
SG4.24.1,,8-Nov
SG4.24.2,10,8-Nov
SG4.24.3,24,8-Nov
SG4.24.4,40,8-Nov
SG4.24.5,13,8-Nov
SG4.24.6,18,8-Nov
SG5.0.1,19,8-Nov
SG5.0.2,31,8-Nov
SG5.0.3,38,8-Nov
SG5.0.4,47,8-Nov
SG5.0.5,41,8-Nov
SG5.0.6,39,8-Nov
SG5.8.1,19,8-Nov
SG5.8.2,,8-Nov
SG5.8.3,31,8-Nov
SG5.8.4,49,8-Nov
SG5.8.5,34,8-Nov
SG5.8.6,34,8-Nov
SG5.16.1,17,8-Nov
SG5.16.2,13,8-Nov
SG5.16.3,23,8-Nov
SG5.16.4,14,8-Nov
SG5.16.5,13,8-Nov
SG5.16.6,19,8-Nov
SG5.24.1,16,8-Nov
SG5.24.2,12,8-Nov
SG5.24.3,26,8-Nov
SG5.24.4,12,8-Nov
SG5.24.5,20,8-Nov
SG5.24.6,,8-Nov
SG6.0.1,22,8-Nov
SG6.0.2,22,8-Nov
SG6.0.3,21,8-Nov
SG6.0.4,26,8-Nov
SG6.0.5,22,8-Nov
SG6.0.6,26,8-Nov
SG6.8.1,26,8-Nov
SG6.8.2,36,8-Nov
SG6.8.3,33,8-Nov
SG6.8.4,25,8-Nov
SG6.8.5,50,8-Nov
SG6.8.6,41,8-Nov
SG6.16.1,41,8-Nov
SG6.16.2,20,8-Nov
SG6.16.3,12,8-Nov
SG6.16.4,15,8-Nov
SG6.16.5,43,8-Nov
SG6.16.6,45,8-Nov
SG6.24.1,16,8-Nov
SG6.24.2,18,8-Nov
SG6.24.3,47,8-Nov
SG6.24.4,31,8-Nov
SG6.24.5,27,8-Nov
SG6.24.6,7,8-Nov
BM1.0.1,32,11-Nov
BG1.0.2,18,11-Nov
BM1.0.3,52,11-Nov
BM1.0.4,42,11-Nov
BM1.0.5,48,11-Nov
BM1.0.6,40,11-Nov
BM1.8.1,35,11-Nov
BM1.8.2,32,11-Nov
BM1.8.3,42,11-Nov
BM1.8.4,32,11-Nov
BM1.8.5,35,11-Nov
BM1.8.6,27,11-Nov
BM1.16.1,30,11-Nov
BM1.16.2,34,11-Nov
BM1.16.3,32,11-Nov
BM1.16.4,27,11-Nov
BM1.16.5,43,11-Nov
BM1.16.6,25,11-Nov
BM1.24.1,37,11-Nov
BM1.24.2,36,11-Nov
BM1.24.3,30,11-Nov
BM1.24.4,34,11-Nov
BM1.24.5,38,11-Nov
BM1.24.6,38,11-Nov
BM2.0.1,56,11-Nov
BM2.0.2,46,11-Nov
BM2.0.3,50,11-Nov
BM2.0.4,42,11-Nov
BM2.0.5,29,11-Nov
BM2.0.6,26,11-Nov
BM2.8.1,54,11-Nov
BM2.8.1,45,11-Nov
BM2.8.3,34,11-Nov
BM2.8.4,40,11-Nov
BM2.8.5,44,11-Nov
BM2.8.6,32,11-Nov
BM2.16.1,31,11-Nov
BM2.16.2,36,11-Nov
BM2.16.3,53,11-Nov
BM2.16.4,46,11-Nov
BM2.16.5,41,11-Nov
BM2.16.6,31,11-Nov
BM2.24.1,36,11-Nov
BM2.24.2,57,11-Nov
BM2.24.3,45,11-Nov
BM2.24.4,37,11-Nov
BM2.24.5,65,11-Nov
BM2.24.6,33,11-Nov
BM3.0.1,28,11-Nov
BM3.0.2,54,11-Nov
BM3.0.3,33,11-Nov
BM3.0.4,45,11-Nov
BM3.0.5,39,11-Nov
BM3.0.6,38,11-Nov
BM3.8.1,67,11-Nov
BM3.8.2,31,11-Nov
BM3.8.3,50,11-Nov
BM3.8.4,59,11-Nov
BM3.8.5,50,11-Nov
BM3.8.6,35,11-Nov
BM3.16.1,34,11-Nov
BM3.16.2,43,11-Nov
BM3.16.3,31,11-Nov
BM3.16.4,40,11-Nov
BM3.16.5,36,11-Nov
BM3.16.6,48,11-Nov
BM3.24.1,39,11-Nov
BM3.24.2,42,11-Nov
BM3.24.3,36,11-Nov
BM3.24.4,62,11-Nov
BM3.24.5,39,11-Nov
BM3.24.6,58,11-Nov
BM4.0.1,53,11-Nov
BM4.0.2,35,11-Nov
BM4.0.3,40,11-Nov
BM4.0.4,54,11-Nov
BM4.0.5,60,11-Nov
BM4.0.6,37,11-Nov
BM4.8.1,30,11-Nov
BM4.8.2,30,11-Nov
BM4.8.3,31,11-Nov
BM4.8.4,31,11-Nov
BM4.8.5,35,11-Nov
BM4.8.6,37,11-Nov
BM4.16.1,26,11-Nov
BM4.16.2,41,11-Nov
BM4.16.3,45,11-Nov
BM4.16.4,32,11-Nov
BM4.16.5,35,11-Nov
BM4.16.6,31,11-Nov
BM4.24.1,30,11-Nov
BM4.24.2,30,11-Nov
BM4.24.3,56,11-Nov
BM4.24.4,42,11-Nov
BM4.24.5,26,11-Nov
BM4.24.6,30,11-Nov
BM5.0.1,42,11-Nov
BM5.0.2,52,11-Nov
BM5.0.3,58,11-Nov
BM5.0.4,63,11-Nov
BM5.0.5,37,11-Nov
BM5.0.6,43,11-Nov
BM5.8.1,26,11-Nov
BM5.8.2,37,11-Nov
BM5.8.3,31,11-Nov
BM5.8.4,60,11-Nov
BM5.8.5,48,11-Nov
BM5.8.6,27,11-Nov
BM5.16.1,35,11-Nov
BM5.16.2,39,11-Nov
BM5.16.3,52,11-Nov
BM5.16.4,36,11-Nov
BM5.16.5,43,11-Nov
BM5.16.6,52,11-Nov
BM5.24.1,32,11-Nov
BM5.24.2,60,11-Nov
BM5.24.3,50,11-Nov
BM5.24.4,45,11-Nov
BM5.24.5,41,11-Nov
BM5.24.6,48,11-Nov
BM6.0.1,35,11-Nov
BM6.0.2,32,11-Nov
BM6.0.3,42,11-Nov
BM6.0.4,50,11-Nov
BM6.0.5,60,11-Nov
BM6.0.6,51,11-Nov
BM6.8.1,60,11-Nov
BM6.8.2,36,11-Nov
BM6.8.3,44,11-Nov
BM6.8.4,37,11-Nov
BM6.8.5,35,11-Nov
BM6.8.6,30,11-Nov
BM6.16.1,31,11-Nov
BM6.16.2,46,11-Nov
BM6.16.3,34,11-Nov
BM6.16.4,40,11-Nov
BM6.16.5,56,11-Nov
BM6.16.6,32,11-Nov
BM6.24.1,43,11-Nov
BM6.24.2,37,11-Nov
BM6.24.3,27,11-Nov
BM6.24.4,33,11-Nov
BM6.24.5,42,11-Nov
BM6.24.6,33,11-Nov
LB1.0.1,15,15-Nov
LB1.0.2,19,15-Nov
LB1.0.3,23,15-Nov
LB1.0.4,24,15-Nov
LB1.0.5,25,15-Nov
LB1.0.6,33,15-Nov
LB1.8.1,9,15-Nov
LB1.8.2,,15-Nov
LB1.8.3,5,15-Nov
LB1.8.4,6,15-Nov
LB1.8.5,8,15-Nov
LB1.8.6,7,15-Nov
LB1.16.1,6,15-Nov
LB1.16.2,9,15-Nov
LB1.16.3,16,15-Nov
LB1.16.4,10,15-Nov
LB1.16.5,13,15-Nov
LB1.16.6,13,15-Nov
LB1.24.1,8,15-Nov
LB1.24.2,11,15-Nov
LB1.24.3,7,15-Nov
LB1.24.4,4,15-Nov
BL1.24.5,9,15-Nov
LB1.24.6,9,15-Nov
LB2.0.1,5,15-Nov
LB2.0.2,7,15-Nov
LB2.0.3,8,15-Nov
LB2.0.4,6,15-Nov
LB2.0.5,4,15-Nov
LB2.0.6,6,15-Nov
LB2.8.1,8,15-Nov
LB2.8.2,12,15-Nov
LB2.8.3,4,15-Nov
LB2.8.4,8,15-Nov
LB2.8.5,8,15-Nov
LB2.8.6,6,15-Nov
LB2.16.1,4,15-Nov
LB2.16.2,23,15-Nov
LB2.16.3,10,15-Nov
LB2.16.4,5,15-Nov
LB2.16.5,4,15-Nov
LB2.16.6,7,15-Nov
LB2.24.1,5,15-Nov
LB2.24.2,5,15-Nov
LB2.24.3,4,15-Nov
LB2.24.4,6,15-Nov
LB2.24.5,20,15-Nov
LB2.24.6,6,15-Nov
LB3.0.1,11,15-Nov
LB3.0.2,20,15-Nov
LB3.0.3,7,15-Nov
LB3.0.4,9,15-Nov
LB3.0.5,7,15-Nov
LB3.0.6,7,15-Nov
LB3.8.1,8,15-Nov
LB3.8.2,13,15-Nov
LB3.8.3,14,15-Nov
LB3.8.4,7,15-Nov
LB3.8.5,7,15-Nov
LB3.8.6,11,15-Nov
LB3.16.1,9,15-Nov
LB3.16.2,7,15-Nov
LB3.16.3,4,15-Nov
LB3.16.4,8,15-Nov
LB3.16.5,8,15-Nov
LB3.16.6,6,15-Nov
LB3.24.1,19,15-Nov
LB3.24.2,14,15-Nov
LB3.24.3,7,15-Nov
LB3.24.4,5,15-Nov
LB3.24.5,6,15-Nov
LB3.24.6,13,15-Nov
LB4.0.1,8,15-Nov
LB4.0.2,3,15-Nov
LB4.0.3,7,15-Nov
LB4.0.4,21,15-Nov
LB4.0.5,8,15-Nov
LB4.0.6,7,15-Nov
LB4.8.1,7,15-Nov
LB4.8.2,9,15-Nov
LB4.8.3,14,15-Nov
LB4.8.4,17,15-Nov
LB4.8.5,6,15-Nov
LB4.8.6,8,15-Nov
LB4.16.1,3,15-Nov
LB4.16.2,,15-Nov
LB4.16.3,5,15-Nov
LB4.16.4,6,15-Nov
LB4.16.5,6,15-Nov
LB4.16.6,6,15-Nov
LB4.24.1,10,15-Nov
LB4.24.2,13,15-Nov
LB4.24.3,10,15-Nov
LB4.24.4,,15-Nov
LB4.24.5,8,15-Nov
LB4.24.6,13,15-Nov
LB5.0.1,10,15-Nov
LB5.0.2,16,15-Nov
LB5.0.3,16,15-Nov
LB5.0.4,14,15-Nov
LB5.0.5,10,15-Nov
LB5.0.6,10,15-Nov
LB5.8.1,8,15-Nov
LB5.8.2,7,15-Nov
LB5.8.3,5,15-Nov
LB5.8.4,6,15-Nov
LB5.8.5,7,15-Nov
LB5.8.6,7,15-Nov
LB5.16.1,5,15-Nov
LB5.16.2,8,15-Nov
LB5.16.3,5,15-Nov
LB5.16.4,3,15-Nov
LB5.16.5,8,15-Nov
LB5.16.6,7,15-Nov
LB5.24.1,7,15-Nov
LB5.24.2,16,15-Nov
LB5.24.3,15,15-Nov
LB5.24.4,8,15-Nov
LB5.24.5,20,15-Nov
LB5.24.6,,15-Nov
LB6.0.1,14,15-Nov
LB6.0.2,9,15-Nov
LB6.0.3,7,15-Nov
LB6.0.4,8,15-Nov
LB6.0.5,8,15-Nov
LB6.0.6,6,15-Nov
LB6.8.1,20,15-Nov
LB6.8.2,6,15-Nov
LB6.8.3,10,15-Nov
LB6.8.4,21,15-Nov
LB6.8.5,12,15-Nov
LB6.8.6,7,15-Nov
LB6.16.1,6,15-Nov
LB6.16.2,7,15-Nov
LB6.16.3,7,15-Nov
LB6.16.4,7,15-Nov
LB6.16.5,10,15-Nov
LB6.16.6,8,15-Nov
LB6.24.1,7,15-Nov
LB6.24.2,6,15-Nov
LB6.24.3,5,15-Nov
LB6.24.4,4,15-Nov
LB6.24.5,7,15-Nov
LB6.24.6,9,15-Nov
BG1.0.1,59,15-Nov
BG1.0.2,43,15-Nov
BG1.0.3,51,15-Nov
BG1.0.4,55,15-Nov
BG1.0.5,39,15-Nov
BG1.0.6,61,15-Nov
BG1.8.1,46,15-Nov
BG1.8.2,48,15-Nov
BG1.8.3,39,15-Nov
BG1.8.4,48,15-Nov
BG1.8.5,53,15-Nov
BG1.8.6,45,15-Nov
BG1.16.1,43,15-Nov
BG1.16.2,41,15-Nov
BG1.16.3,48,15-Nov
BG1.16.4,53,15-Nov
BG1.16.5,56,15-Nov
BG1.16.6,,15-Nov
BG1.24.1,11,15-Nov
BG1.24.2,48,15-Nov
BG1.24.3,,15-Nov
BG1.24.4,51,15-Nov
BG1.24.5,35,15-Nov
BG1.24.6,33,15-Nov
BG2.0.1,47,15-Nov
BG2.0.2,40,15-Nov
BG2.0.3,54,15-Nov
BG2.0.4,53,15-Nov
BG2.0.5,51,15-Nov
BG2.0.6,48,15-Nov
BG2.8.1,47,15-Nov
BG2.8.2,41,15-Nov
BG2.8.3,60,15-Nov
BG2.8.4,49,15-Nov
BG2.8.5,52,15-Nov
BG2.8.6,43,15-Nov
BG2.16.1,45,15-Nov
BG2.16.2,49,15-Nov
BG2.16.3,45,15-Nov
BG2.16.4,15,15-Nov
BG2.16.5,50,15-Nov
BG2.16.6,48,15-Nov
BG2.24.1,35,15-Nov
BG2.24.2,45,15-Nov
BG2.24.3,41,15-Nov
BG2.24.4,44,15-Nov
BG2.24.5,38,15-Nov
BG2.24.6,,15-Nov
BG3.0.1,28,15-Nov
BG3.0.2,43,15-Nov
BG3.0.3,27,15-Nov
BG3.0.4,39,15-Nov
BG3.0.5,29,15-Nov
BG3.0.6,38,15-Nov
BG3.8.1,42,15-Nov
BG3.8.2,34,15-Nov
BG3.8.3,38,15-Nov
BG3.8.4,40,15-Nov
BG3.8.5,40,15-Nov
BG3.8.6,33,15-Nov
BG3.16.1,44,15-Nov
BG3.16.2,42,15-Nov
BG3.16.3,40,15-Nov
BG3.16.4,31,15-Nov
BG3.16.5,45,15-Nov
BG3.16.6,30,15-Nov
BG3.24.1,17,15-Nov
BG3.24.2,,15-Nov
BG3.24.3,41,15-Nov
BG3.24.4,42,15-Nov
BG3.24.5,30,15-Nov
BG3.24.6,,15-Nov
BG4.0.1,31,15-Nov
BG4.0.2,46,15-Nov
BG4.0.3,52,15-Nov
BG4.0.4,36,15-Nov
BG4.0.5,65,15-Nov
BG4.0.6,48,15-Nov
BG4.8.1,35,15-Nov
BG4.8.2,41,15-Nov
BG4.8.3,60,15-Nov
BG4.8.4,42,15-Nov
BG4.8.5,46,15-Nov
BG4.8.6,,15-Nov
BG4.16.1,,15-Nov
BG4.16.2,,15-Nov
BG4.16.3,,15-Nov
BG4.16.4,35,15-Nov
BG4.16.5,39,15-Nov
BG4.16.6,,15-Nov
BG4.24.1,7,15-Nov
BG4.24.2,12,15-Nov
BG4.24.3,15,15-Nov
BG4.24.4,32,15-Nov
BG4.24.5,,15-Nov
BG4.24.6,,15-Nov
BG5.0.1,59,15-Nov
BG5.0.2,51,15-Nov
BG5.0.3,58,15-Nov
BG5.0.4,58,15-Nov
BG5.0.5,42,15-Nov
BG5.0.6,50,15-Nov
BG5.8.1,42,15-Nov
BG5.8.2,43,15-Nov
BG5.8.3,48,15-Nov
BG5.8.4,43,15-Nov
BG5.8.5,44,15-Nov
BG5.8.6,49,15-Nov
BG5.16.1,,15-Nov
BG5.16.2,35,15-Nov
BG5.16.3,42,15-Nov
BG5.16.4,48,15-Nov
BG5.16.5,45,15-Nov
BG5.16.6,50,15-Nov
BG5.24.1,24,15-Nov
BG5.24.2,30,15-Nov
BG5.24.3,40,15-Nov
BG5.24.4,21,15-Nov
BG5.24.5,45,15-Nov
BG5.24.6,,15-Nov
BG6.0.1,40,15-Nov
BG6.0.2,49,15-Nov
BG6.0.3,43,15-Nov
BG6.0.4,55,15-Nov
BG6.0.5,43,15-Nov
BG6.0.6,52,15-Nov
BG6.8.1,36,15-Nov
BG6.8.2,35,15-Nov
BG6.8.3,48,15-Nov
BG6.8.4,48,15-Nov
BG6.8.5,48,15-Nov
BG6.8.6,41,15-Nov
BG6.16.1,35,15-Nov
BG6.16.2,27,15-Nov
BG6.16.3,14,15-Nov
BG6.16.4,46,15-Nov
BG6.16.5,18,15-Nov
BG6.16.6,49,15-Nov
BG6.24.1,46,15-Nov
BG6.24.2,,15-Nov
BG6.24.3,,15-Nov
BG6.24.4,,15-Nov
BG6.24.5,20,15-Nov
BG6.24.6,19,15-Nov
SG1.0.1,15,15-Nov
SG1.0.2,16,15-Nov
SG1.0.3,34,15-Nov
SG1.0.4,23,15-Nov
SG1.0.5,32,15-Nov
SG1.0.6,25,15-Nov
SG1.8.1,24,15-Nov
SG1.8.2,16,15-Nov
SG1.8.3,29,15-Nov
SG1.8.4,33,15-Nov
SG1.8.5,46,15-Nov
SG1.8.6,9,15-Nov
SG1.16.1,44,15-Nov
SG1.16.2,26,15-Nov
SG1.16.3,25,15-Nov
SG1.16.4,60,15-Nov
SG1.16.5,20,15-Nov
SG1.16.6,11,15-Nov
SG1.24.1,36,15-Nov
SG1.24.2,38,15-Nov
SG1.24.3,25,15-Nov
SG1.24.4,13,15-Nov
SG1.24.5,52,15-Nov
SG1.24.6,33,15-Nov
SG2.0.1,37,15-Nov
SG2.0.2,23,15-Nov
SG2.0.3,17,15-Nov
SG2.0.4,11,15-Nov
SG2.0.5,30,15-Nov
SG2.0.6,41,15-Nov
SG2.8.1,28,15-Nov
SG2.8.2,23,15-Nov
SG2.8.3,22,15-Nov
SG2.8.4,11,15-Nov
SG2.8.5,19,15-Nov
SG2.8.6,34,15-Nov
SG2.16.1,28,15-Nov
SG2.16.2,50,15-Nov
SG2.16.3,32,15-Nov
SG2.16.4,31,15-Nov
SG2.16.5,21,15-Nov
SG2.16.6,36,15-Nov
SG2.24.1,22,15-Nov
SG2.24.2,21,15-Nov
SG2.24.3,19,15-Nov
SG2.24.4,43,15-Nov
SG2.24.5,21,15-Nov
SG2.24.6,35,15-Nov
SG3.0.1,22,15-Nov
SG3.0.2,19,15-Nov
SG3.0.3,58,15-Nov
SG3.0.4,47,15-Nov
SG3.0.5,17,15-Nov
SG3.0.6,43,15-Nov
SG3.8.1,14,15-Nov
SG3.8.2,51,15-Nov
SG3.8.3,27,15-Nov
SG3.8.4,46,15-Nov
SG3.8.5,45,15-Nov
SG3.8.6,27,15-Nov
SG3.16.1,21,15-Nov
SG3.16.2,10,15-Nov
SG3.16.3,28,15-Nov
SG3.16.4,26,15-Nov
SG3.16.5,13,15-Nov
SG3.16.6,16,15-Nov
SG3.24.1,25,15-Nov
SG3.24.2,29,15-Nov
SG3.24.3,29,15-Nov
SG3.24.4,22,15-Nov
SG3.24.5,26,15-Nov
SG3.24.6,34,15-Nov
SG4.0.1,24,15-Nov
SG4.0.2,31,15-Nov
SG4.0.3,40,15-Nov
SG4.0.4,32,15-Nov
SG4.0.5,48,15-Nov
SG4.0.6,25,15-Nov
SG4.8.1,40,15-Nov
SG4.8.2,32,15-Nov
SG4.8.3,49,15-Nov
SG4.8.4,8,15-Nov
SG4.8.5,40,15-Nov
SG4.8.6,26,15-Nov
SG4.16.1,18,15-Nov
SG4.16.2,16,15-Nov
SG4.16.3,27,15-Nov
SG4.16.4,7,15-Nov
SG4.16.5,112,15-Nov
SG4.16.6,14,15-Nov
SG4.24.1,,15-Nov
SG4.24.2,10,15-Nov
SG4.24.3,24,15-Nov
SG4.24.4,40,15-Nov
SG4.24.5,14,15-Nov
SG4.24.6,23,15-Nov
SG5.0.1,19,15-Nov
SG5.0.2,32,15-Nov
SG5.0.3,38,15-Nov
SG5.0.4,64,15-Nov
SG5.0.5,41,15-Nov
SG5.0.6,40,15-Nov
SG5.8.1,19,15-Nov
SG5.8.2,,15-Nov
SG5.8.3,32,15-Nov
SG5.8.4,49,15-Nov
SG5.8.5,36,15-Nov
SG5.8.6,34,15-Nov
SG5.16.1,18,15-Nov
SG5.16.2,13,15-Nov
SG5.16.3,34,15-Nov
SG5.16.4,14,15-Nov
SG5.16.5,11,15-Nov
SG5.16.6,19,15-Nov
SG5.24.1,13,15-Nov
SG5.24.2,12,15-Nov
SG5.24.3,25,15-Nov
SG5.24.4,10,15-Nov
SG5.24.5,21,15-Nov
SG5.24.6,,15-Nov
SG6.0.1,22,15-Nov
SG6.0.2,22,15-Nov
SG6.0.3,20,15-Nov
SG6.0.4,26,15-Nov
SG6.0.5,23,15-Nov
SG6.0.6,26,15-Nov
SG6.8.1,16,15-Nov
SG6.8.2,36,15-Nov
SG6.8.3,32,15-Nov
SG6.8.4,25,15-Nov
SG6.8.5,50,15-Nov
SG6.8.6,48,15-Nov
SG6.16.1,41,15-Nov
SG6.16.2,20,15-Nov
SG6.16.3,12,15-Nov
SG6.16.4,17,15-Nov
SG6.16.5,33,15-Nov
SG6.16.6,50,15-Nov
SG6.24.1,16,15-Nov
SG6.24.2,18,15-Nov
SG6.24.3,48,15-Nov
SG6.24.4,32,15-Nov
SG6.24.5,27,15-Nov
SG6.24.6,,15-Nov
BM1.0.1,34,18-Nov
BG1.0.2,21,18-Nov
BM1.0.3,59,18-Nov
BM1.0.4,60,18-Nov
BM1.0.5,58,18-Nov
BM1.0.6,56,18-Nov
BM1.8.1,44,18-Nov
BM1.8.2,40,18-Nov
BM1.8.3,52,18-Nov
BM1.8.4,41,18-Nov
BM1.8.5,43,18-Nov
BM1.8.6,31,18-Nov
BM1.16.1,33,18-Nov
BM1.16.2,43,18-Nov
BM1.16.3,34,18-Nov
BM1.16.4,33,18-Nov
BM1.16.5,71,18-Nov
BM1.16.6,30,18-Nov
BM1.24.1,42,18-Nov
BM1.24.2,45,18-Nov
BM1.24.3,40,18-Nov
BM1.24.4,38,18-Nov
BM1.24.5,48,18-Nov
BM1.24.6,42,18-Nov
BM2.0.1,55,18-Nov
BM2.0.2,47,18-Nov
BM2.0.3,50,18-Nov
BM2.0.4,48,18-Nov
BM2.0.5,30,18-Nov
BM2.0.6,28,18-Nov
BM2.8.1,66,18-Nov
BM2.8.1,52,18-Nov
BM2.8.3,37,18-Nov
BM2.8.4,44,18-Nov
BM2.8.5,49,18-Nov
BM2.8.6,32,18-Nov
BM2.16.1,33,18-Nov
BM2.16.2,39,18-Nov
BM2.16.3,53,18-Nov
BM2.16.4,54,18-Nov
BM2.16.5,46,18-Nov
BM2.16.6,33,18-Nov
BM2.24.1,40,18-Nov
BM2.24.2,72,18-Nov
BM2.24.3,59,18-Nov
BM2.24.4,39,18-Nov
BM2.24.5,80,18-Nov
BM2.24.6,37,18-Nov
BM3.0.1,31,18-Nov
BM3.0.2,70,18-Nov
BM3.0.3,36,18-Nov
BM3.0.4,56,18-Nov
BM3.0.5,44,18-Nov
BM3.0.6,39,18-Nov
BM3.8.1,72,18-Nov
BM3.8.2,32,18-Nov
BM3.8.3,61,18-Nov
BM3.8.4,69,18-Nov
BM3.8.5,55,18-Nov
BM3.8.6,35,18-Nov
BM3.16.1,42,18-Nov
BM3.16.2,47,18-Nov
BM3.16.3,34,18-Nov
BM3.16.4,41,18-Nov
BM3.16.5,37,18-Nov
BM3.16.6,61,18-Nov
BM3.24.1,44,18-Nov
BM3.24.2,50,18-Nov
BM3.24.3,43,18-Nov
BM3.24.4,73,18-Nov
BM3.24.5,40,18-Nov
BM3.24.6,69,18-Nov
BM4.0.1,67,18-Nov
BM4.0.2,34,18-Nov
BM4.0.3,45,18-Nov
BM4.0.4,69,18-Nov
BM4.0.5,74,18-Nov
BM4.0.6,46,18-Nov
BM4.8.1,32,18-Nov
BM4.8.2,30,18-Nov
BM4.8.3,32,18-Nov
BM4.8.4,32,18-Nov
BM4.8.5,40,18-Nov
BM4.8.6,42,18-Nov
BM4.16.1,28,18-Nov
BM4.16.2,47,18-Nov
BM4.16.3,50,18-Nov
BM4.16.4,32,18-Nov
BM4.16.5,40,18-Nov
BM4.16.6,32,18-Nov
BM4.24.1,32,18-Nov
BM4.24.2,30,18-Nov
BM4.24.3,54,18-Nov
BM4.24.4,49,18-Nov
BM4.24.5,27,18-Nov
BM4.24.6,34,18-Nov
BM5.0.1,50,18-Nov
BM5.0.2,64,18-Nov
BM5.0.3,63,18-Nov
BM5.0.4,78,18-Nov
BM5.0.5,43,18-Nov
BM5.0.6,57,18-Nov
BM5.8.1,26,18-Nov
BM5.8.2,43,18-Nov
BM5.8.3,33,18-Nov
BM5.8.4,65,18-Nov
BM5.8.5,60,18-Nov
BM5.8.6,30,18-Nov
BM5.16.1,35,18-Nov
BM5.16.2,42,18-Nov
BM5.16.3,57,18-Nov
BM5.16.4,38,18-Nov
BM5.16.5,51,18-Nov
BM5.16.6,61,18-Nov
BM5.24.1,42,18-Nov
BM5.24.2,74,18-Nov
BM5.24.3,53,18-Nov
BM5.24.4,56,18-Nov
BM5.24.5,42,18-Nov
BM5.24.6,63,18-Nov
BM6.0.1,38,18-Nov
BM6.0.2,32,18-Nov
BM6.0.3,56,18-Nov
BM6.0.4,58,18-Nov
BM6.0.5,59,18-Nov
BM6.0.6,52,18-Nov
BM6.8.1,66,18-Nov
BM6.8.2,36,18-Nov
BM6.8.3,48,18-Nov
BM6.8.4,46,18-Nov
BM6.8.5,40,18-Nov
BM6.8.6,36,18-Nov
BM6.16.1,35,18-Nov
BM6.16.2,55,18-Nov
BM6.16.3,45,18-Nov
BM6.16.4,46,18-Nov
BM6.16.5,77,18-Nov
BM6.16.6,41,18-Nov
BM6.24.1,54,18-Nov
BM6.24.2,42,18-Nov
BM6.24.3,33,18-Nov
BM6.24.4,33,18-Nov
BM6.24.5,54,18-Nov
BM6.24.6,39,18-Nov
LB1.0.1,16,22-Nov
LB1.0.2,19,22-Nov
LB1.0.3,24,22-Nov
LB1.0.4,24,22-Nov
LB1.0.5,26,22-Nov
LB1.0.6,40,22-Nov
LB1.8.1,11,22-Nov
LB1.8.2,,22-Nov
LB1.8.3,5,22-Nov
LB1.8.4,6,22-Nov
LB1.8.5,8,22-Nov
LB1.8.6,7,22-Nov
LB1.16.1,7,22-Nov
LB1.16.2,13,22-Nov
LB1.16.3,9,22-Nov
LB1.16.4,17,22-Nov
LB1.16.5,11,22-Nov
LB1.16.6,13,22-Nov
LB1.24.1,8,22-Nov
LB1.24.2,13,22-Nov
LB1.24.3,9,22-Nov
LB1.24.4,5,22-Nov
BL1.24.5,9,22-Nov
LB1.24.6,10,22-Nov
LB2.0.1,5,22-Nov
LB2.0.2,7,22-Nov
LB2.0.3,9,22-Nov
LB2.0.4,6,22-Nov
LB2.0.5,4,22-Nov
LB2.0.6,7,22-Nov
LB2.8.1,8,22-Nov
LB2.8.2,12,22-Nov
LB2.8.3,4,22-Nov
LB2.8.4,8,22-Nov
LB2.8.5,8,22-Nov
LB2.8.6,6,22-Nov
LB2.16.1,4,22-Nov
LB2.16.2,23,22-Nov
LB2.16.3,10,22-Nov
LB2.16.4,5,22-Nov
LB2.16.5,4,22-Nov
LB2.16.6,7,22-Nov
LB2.24.1,5,22-Nov
LB2.24.2,5,22-Nov
LB2.24.3,4,22-Nov
LB2.24.4,6,22-Nov
LB2.24.5,20,22-Nov
LB2.24.6,7,22-Nov
LB3.0.1,13,22-Nov
LB3.0.2,20,22-Nov
LB3.0.3,19,22-Nov
LB3.0.4,11,22-Nov
LB3.0.5,8,22-Nov
LB3.0.6,9,22-Nov
LB3.8.1,8,22-Nov
LB3.8.2,13,22-Nov
LB3.8.3,14,22-Nov
LB3.8.4,9,22-Nov
LB3.8.5,7,22-Nov
LB3.8.6,13,22-Nov
LB3.16.1,10,22-Nov
LB3.16.2,7,22-Nov
LB3.16.3,4,22-Nov
LB3.16.4,9,22-Nov
LB3.16.5,9,22-Nov
LB3.16.6,7,22-Nov
LB3.24.1,19,22-Nov
LB3.24.2,14,22-Nov
LB3.24.3,7,22-Nov
LB3.24.4,4,22-Nov
LB3.24.5,5,22-Nov
LB3.24.6,13,22-Nov
LB4.0.1,8,22-Nov
LB4.0.2,3,22-Nov
LB4.0.3,8,22-Nov
LB4.0.4,21,22-Nov
LB4.0.5,7,22-Nov
LB4.0.6,8,22-Nov
LB4.8.1,7,22-Nov
LB4.8.2,9,22-Nov
LB4.8.3,15,22-Nov
LB4.8.4,17,22-Nov
LB4.8.5,6,22-Nov
LB4.8.6,8,22-Nov
LB4.16.1,3,22-Nov
LB4.16.2,,22-Nov
LB4.16.3,5,22-Nov
LB4.16.4,6,22-Nov
LB4.16.5,6,22-Nov
LB4.16.6,6,22-Nov
LB4.24.1,10,22-Nov
LB4.24.2,13,22-Nov
LB4.24.3,11,22-Nov
LB4.24.4,,22-Nov
LB4.24.5,8,22-Nov
LB4.24.6,13,22-Nov
LB5.0.1,10,22-Nov
LB5.0.2,17,22-Nov
LB5.0.3,17,22-Nov
LB5.0.4,14,22-Nov
LB5.0.5,10,22-Nov
LB5.0.6,10,22-Nov
LB5.8.1,9,22-Nov
LB5.8.2,9,22-Nov
LB5.8.3,5,22-Nov
LB5.8.4,5,22-Nov
LB5.8.5,8,22-Nov
LB5.8.6,7,22-Nov
LB5.16.1,5,22-Nov
LB5.16.2,8,22-Nov
LB5.16.3,5,22-Nov
LB5.16.4,3,22-Nov
LB5.16.5,9,22-Nov
LB5.16.6,7,22-Nov
LB5.24.1,7,22-Nov
LB5.24.2,17,22-Nov
LB5.24.3,18,22-Nov
LB5.24.4,8,22-Nov
LB5.24.5,16,22-Nov
LB5.24.6,,22-Nov
LB6.0.1,15,22-Nov
LB6.0.2,9,22-Nov
LB6.0.3,8,22-Nov
LB6.0.4,8,22-Nov
LB6.0.5,9,22-Nov
LB6.0.6,7,22-Nov
LB6.8.1,19,22-Nov
LB6.8.2,6,22-Nov
LB6.8.3,10,22-Nov
LB6.8.4,21,22-Nov
LB6.8.5,14,22-Nov
LB6.8.6,8,22-Nov
LB6.16.1,6,22-Nov
LB6.16.2,8,22-Nov
LB6.16.3,7,22-Nov
LB6.16.4,7,22-Nov
LB6.16.5,10,22-Nov
LB6.16.6,8,22-Nov
LB6.24.1,8,22-Nov
LB6.24.2,6,22-Nov
LB6.24.3,5,22-Nov
LB6.24.4,4,22-Nov
LB6.24.5,6,22-Nov
LB6.24.6,9,22-Nov
BG1.0.1,59,22-Nov
BG1.0.2,45,22-Nov
BG1.0.3,51,22-Nov
BG1.0.4,55,22-Nov
BG1.0.5,42,22-Nov
BG1.0.6,61,22-Nov
BG1.8.1,46,22-Nov
BG1.8.2,51,22-Nov
BG1.8.3,43,22-Nov
BG1.8.4,52,22-Nov
BG1.8.5,54,22-Nov
BG1.8.6,45,22-Nov
BG1.16.1,47,22-Nov
BG1.16.2,43,22-Nov
BG1.16.3,48,22-Nov
BG1.16.4,53,22-Nov
BG1.16.5,56,22-Nov
BG1.16.6,,22-Nov
BG1.24.1,,22-Nov
BG1.24.2,49,22-Nov
BG1.24.3,,22-Nov
BG1.24.4,51,22-Nov
BG1.24.5,39,22-Nov
BG1.24.6,35,22-Nov
BG2.0.1,52,22-Nov
BG2.0.2,41,22-Nov
BG2.0.3,54,22-Nov
BG2.0.4,54,22-Nov
BG2.0.5,50,22-Nov
BG2.0.6,48,22-Nov
BG2.8.1,49,22-Nov
BG2.8.2,41,22-Nov
BG2.8.3,60,22-Nov
BG2.8.4,50,22-Nov
BG2.8.5,53,22-Nov
BG2.8.6,44,22-Nov
BG2.16.1,45,22-Nov
BG2.16.2,50,22-Nov
BG2.16.3,47,22-Nov
BG2.16.4,,22-Nov
BG2.16.5,53,22-Nov
BG2.16.6,40,22-Nov
BG2.24.1,35,22-Nov
BG2.24.2,45,22-Nov
BG2.24.3,46,22-Nov
BG2.24.4,46,22-Nov
BG2.24.5,41,22-Nov
BG2.24.6,,22-Nov
BG3.0.1,33,22-Nov
BG3.0.2,49,22-Nov
BG3.0.3,34,22-Nov
BG3.0.4,40,22-Nov
BG3.0.5,31,22-Nov
BG3.0.6,41,22-Nov
BG3.8.1,43,22-Nov
BG3.8.2,42,22-Nov
BG3.8.3,43,22-Nov
BG3.8.4,44,22-Nov
BG3.8.5,40,22-Nov
BG3.8.6,41,22-Nov
BG3.16.1,45,22-Nov
BG3.16.2,47,22-Nov
BG3.16.3,45,22-Nov
BG3.16.4,39,22-Nov
BG3.16.5,46,22-Nov
BG3.16.6,30,22-Nov
BG3.24.1,,22-Nov
BG3.24.2,,22-Nov
BG3.24.3,48,22-Nov
BG3.24.4,44,22-Nov
BG3.24.5,46,22-Nov
BG3.24.6,,22-Nov
BG4.0.1,35,22-Nov
BG4.0.2,45,22-Nov
BG4.0.3,52,22-Nov
BG4.0.4,45,22-Nov
BG4.0.5,70,22-Nov
BG4.0.6,49,22-Nov
BG4.8.1,37,22-Nov
BG4.8.2,43,22-Nov
BG4.8.3,61,22-Nov
BG4.8.4,52,22-Nov
BG4.8.5,45,22-Nov
BG4.8.6,,22-Nov
BG4.16.1,,22-Nov
BG4.16.2,,22-Nov
BG4.16.3,,22-Nov
BG4.16.4,38,22-Nov
BG4.16.5,43,22-Nov
BG4.16.6,,22-Nov
BG4.24.1,,22-Nov
BG4.24.2,12,22-Nov
BG4.24.3,16,22-Nov
BG4.24.4,36,22-Nov
BG4.24.5,,22-Nov
BG4.24.6,,22-Nov
BG5.0.1,59,22-Nov
BG5.0.2,51,22-Nov
BG5.0.3,58,22-Nov
BG5.0.4,58,22-Nov
BG5.0.5,48,22-Nov
BG5.0.6,50,22-Nov
BG5.8.1,42,22-Nov
BG5.8.2,43,22-Nov
BG5.8.3,48,22-Nov
BG5.8.4,43,22-Nov
BG5.8.5,47,22-Nov
BG5.8.6,50,22-Nov
BG5.16.1,,22-Nov
BG5.16.2,34,22-Nov
BG5.16.3,42,22-Nov
BG5.16.4,48,22-Nov
BG5.16.5,46,22-Nov
BG5.16.6,51,22-Nov
BG5.24.1,33,22-Nov
BG5.24.2,35,22-Nov
BG5.24.3,47,22-Nov
BG5.24.4,21,22-Nov
BG5.24.5,47,22-Nov
BG5.24.6,,22-Nov
BG6.0.1,40,22-Nov
BG6.0.2,48,22-Nov
BG6.0.3,43,22-Nov
BG6.0.4,55,22-Nov
BG6.0.5,43,22-Nov
BG6.0.6,54,22-Nov
BG6.8.1,40,22-Nov
BG6.8.2,36,22-Nov
BG6.8.3,47,22-Nov
BG6.8.4,50,22-Nov
BG6.8.5,48,22-Nov
BG6.8.6,42,22-Nov
BG6.16.1,37,22-Nov
BG6.16.2,26,22-Nov
BG6.16.3,13,22-Nov
BG6.16.4,50,22-Nov
BG6.16.5,18,22-Nov
BG6.16.6,49,22-Nov
BG6.24.1,46,22-Nov
BG6.24.2,,22-Nov
BG6.24.3,,22-Nov
BG6.24.4,,22-Nov
BG6.24.5,20,22-Nov
BG6.24.6,20,22-Nov
SG1.0.1,13,22-Nov
SG1.0.2,16,22-Nov
SG1.0.3,34,22-Nov
SG1.0.4,23,22-Nov
SG1.0.5,31,22-Nov
SG1.0.6,25,22-Nov
SG1.8.1,28,22-Nov
SG1.8.2,15,22-Nov
SG1.8.3,29,22-Nov
SG1.8.4,31,22-Nov
SG1.8.5,48,22-Nov
SG1.8.6,10,22-Nov
SG1.16.1,44,22-Nov
SG1.16.2,25,22-Nov
SG1.16.3,25,22-Nov
SG1.16.4,60,22-Nov
SG1.16.5,,22-Nov
SG1.16.6,,22-Nov
SG1.24.1,43,22-Nov
SG1.24.2,38,22-Nov
SG1.24.3,25,22-Nov
SG1.24.4,13,22-Nov
SG1.24.5,53,22-Nov
SG1.24.6,36,22-Nov
SG2.0.1,32,22-Nov
SG2.0.2,23,22-Nov
SG2.0.3,17,22-Nov
SG2.0.4,11,22-Nov
SG2.0.5,30,22-Nov
SG2.0.6,41,22-Nov
SG2.8.1,28,22-Nov
SG2.8.2,23,22-Nov
SG2.8.3,22,22-Nov
SG2.8.4,12,22-Nov
SG2.8.5,34,22-Nov
SG2.8.6,56,22-Nov
SG2.16.1,29,22-Nov
SG2.16.2,58,22-Nov
SG2.16.3,34,22-Nov
SG2.16.4,31,22-Nov
SG2.16.5,21,22-Nov
SG2.16.6,33,22-Nov
SG2.24.1,22,22-Nov
SG2.24.2,19,22-Nov
SG2.24.3,19,22-Nov
SG2.24.4,43,22-Nov
SG2.24.5,21,22-Nov
SG2.24.6,34,22-Nov
SG3.0.1,23,22-Nov
SG3.0.2,19,22-Nov
SG3.0.3,60,22-Nov
SG3.0.4,57,22-Nov
SG3.0.5,16,22-Nov
SG3.0.6,53,22-Nov
SG3.8.1,15,22-Nov
SG3.8.2,59,22-Nov
SG3.8.3,57,22-Nov
SG3.8.4,47,22-Nov
SG3.8.5,46,22-Nov
SG3.8.6,27,22-Nov
SG3.16.1,21,22-Nov
SG3.16.2,11,22-Nov
SG3.16.3,29,22-Nov
SG3.16.4,26,22-Nov
SG3.16.5,13,22-Nov
SG3.16.6,15,22-Nov
SG3.24.1,25,22-Nov
SG3.24.2,29,22-Nov
SG3.24.3,29,22-Nov
SG3.24.4,24,22-Nov
SG3.24.5,26,22-Nov
SG3.24.6,39,22-Nov
SG4.0.1,24,22-Nov
SG4.0.2,32,22-Nov
SG4.0.3,39,22-Nov
SG4.0.4,31,22-Nov
SG4.0.5,49,22-Nov
SG4.0.6,25,22-Nov
SG4.8.1,40,22-Nov
SG4.8.2,32,22-Nov
SG4.8.3,56,22-Nov
SG4.8.4,8,22-Nov
SG4.8.5,38,22-Nov
SG4.8.6,26,22-Nov
SG4.16.1,18,22-Nov
SG4.16.2,16,22-Nov
SG4.16.3,28,22-Nov
SG4.16.4,6,22-Nov
SG4.16.5,12,22-Nov
SG4.16.6,,22-Nov
SG4.24.1,,22-Nov
SG4.24.2,10,22-Nov
SG4.24.3,24,22-Nov
SG4.24.4,40,22-Nov
SG4.24.5,14,22-Nov
SG4.24.6,25,22-Nov
SG5.0.1,19,22-Nov
SG5.0.2,31,22-Nov
SG5.0.3,38,22-Nov
SG5.0.4,66,22-Nov
SG5.0.5,42,22-Nov
SG5.0.6,41,22-Nov
SG5.8.1,19,22-Nov
SG5.8.2,,22-Nov
SG5.8.3,32,22-Nov
SG5.8.4,49,22-Nov
SG5.8.5,36,22-Nov
SG5.8.6,35,22-Nov
SG5.16.1,21,22-Nov
SG5.16.2,,22-Nov
SG5.16.3,35,22-Nov
SG5.16.4,14,22-Nov
SG5.16.5,10,22-Nov
SG5.16.6,19,22-Nov
SG5.24.1,13,22-Nov
SG5.24.2,12,22-Nov
SG5.24.3,25,22-Nov
SG5.24.4,10,22-Nov
SG5.24.5,22,22-Nov
SG5.24.6,,22-Nov
SG6.0.1,22,22-Nov
SG6.0.2,21,22-Nov
SG6.0.3,20,22-Nov
SG6.0.4,26,22-Nov
SG6.0.5,23,22-Nov
SG6.0.6,26,22-Nov
SG6.8.1,16,22-Nov
SG6.8.2,35,22-Nov
SG6.8.3,32,22-Nov
SG6.8.4,24,22-Nov
SG6.8.5,50,22-Nov
SG6.8.6,49,22-Nov
SG6.16.1,41,22-Nov
SG6.16.2,20,22-Nov
SG6.16.3,10,22-Nov
SG6.16.4,14,22-Nov
SG6.16.5,43,22-Nov
SG6.16.6,56,22-Nov
SG6.24.1,16,22-Nov
SG6.24.2,18,22-Nov
SG6.24.3,61,22-Nov
SG6.24.4,32,22-Nov
SG6.24.5,27,22-Nov
SG6.24.6,,22-Nov
BM1.0.1,36,25-Nov
BG1.0.2,21,25-Nov
BM1.0.3,62,25-Nov
BM1.0.4,71,25-Nov
BM1.0.5,79,25-Nov
BM1.0.6,67,25-Nov
BM1.8.1,56,25-Nov
BM1.8.2,47,25-Nov
BM1.8.3,35,25-Nov
BM1.8.4,44,25-Nov
BM1.8.5,45,25-Nov
BM1.8.6,41,25-Nov
BM1.16.1,41,25-Nov
BM1.16.2,49,25-Nov
BM1.16.3,39,25-Nov
BM1.16.4,37,25-Nov
BM1.16.5,90,25-Nov
BM1.16.6,30,25-Nov
BM1.24.1,45,25-Nov
BM1.24.2,49,25-Nov
BM1.24.3,44,25-Nov
BM1.24.4,40,25-Nov
BM1.24.5,51,25-Nov
BM1.24.6,45,25-Nov
BM2.0.1,57,25-Nov
BM2.0.2,48,25-Nov
BM2.0.3,50,25-Nov
BM2.0.4,61,25-Nov
BM2.0.5,31,25-Nov
BM2.0.6,28,25-Nov
BM2.8.1,78,25-Nov
BM2.8.1,56,25-Nov
BM2.8.3,38,25-Nov
BM2.8.4,48,25-Nov
BM2.8.5,52,25-Nov
BM2.8.6,32,25-Nov
BM2.16.1,35,25-Nov
BM2.16.2,40,25-Nov
BM2.16.3,53,25-Nov
BM2.16.4,62,25-Nov
BM2.16.5,48,25-Nov
BM2.16.6,39,25-Nov
BM2.24.1,43,25-Nov
BM2.24.2,83,25-Nov
BM2.24.3,70,25-Nov
BM2.24.4,42,25-Nov
BM2.24.5,64,25-Nov
BM2.24.6,39,25-Nov
BM3.0.1,31,25-Nov
BM3.0.2,85,25-Nov
BM3.0.3,39,25-Nov
BM3.0.4,59,25-Nov
BM3.0.5,48,25-Nov
BM3.0.6,43,25-Nov
BM3.8.1,87,25-Nov
BM3.8.2,34,25-Nov
BM3.8.3,65,25-Nov
BM3.8.4,85,25-Nov
BM3.8.5,61,25-Nov
BM3.8.6,36,25-Nov
BM3.16.1,47,25-Nov
BM3.16.2,48,25-Nov
BM3.16.3,35,25-Nov
BM3.16.4,43,25-Nov
BM3.16.5,38,25-Nov
BM3.16.6,67,25-Nov
BM3.24.1,47,25-Nov
BM3.24.2,52,25-Nov
BM3.24.3,46,25-Nov
BM3.24.4,83,25-Nov
BM3.24.5,42,25-Nov
BM3.24.6,76,25-Nov
BM4.0.1,82,25-Nov
BM4.0.2,34,25-Nov
BM4.0.3,45,25-Nov
BM4.0.4,79,25-Nov
BM4.0.5,85,25-Nov
BM4.0.6,57,25-Nov
BM4.8.1,33,25-Nov
BM4.8.2,30,25-Nov
BM4.8.3,33,25-Nov
BM4.8.4,33,25-Nov
BM4.8.5,41,25-Nov
BM4.8.6,44,25-Nov
BM4.16.1,28,25-Nov
BM4.16.2,48,25-Nov
BM4.16.3,52,25-Nov
BM4.16.4,33,25-Nov
BM4.16.5,45,25-Nov
BM4.16.6,32,25-Nov
BM4.24.1,34,25-Nov
BM4.24.2,30,25-Nov
BM4.24.3,51,25-Nov
BM4.24.4,57,25-Nov
BM4.24.5,28,25-Nov
BM4.24.6,35,25-Nov
BM5.0.1,55,25-Nov
BM5.0.2,67,25-Nov
BM5.0.3,65,25-Nov
BM5.0.4,97,25-Nov
BM5.0.5,47,25-Nov
BM5.0.6,71,25-Nov
BM5.8.1,27,25-Nov
BM5.8.2,45,25-Nov
BM5.8.3,35,25-Nov
BM5.8.4,70,25-Nov
BM5.8.5,73,25-Nov
BM5.8.6,30,25-Nov
BM5.16.1,37,25-Nov
BM5.16.2,43,25-Nov
BM5.16.3,60,25-Nov
BM5.16.4,39,25-Nov
BM5.16.5,55,25-Nov
BM5.16.6,71,25-Nov
BM5.24.1,48,25-Nov
BM5.24.2,86,25-Nov
BM5.24.3,53,25-Nov
BM5.24.4,62,25-Nov
BM5.24.5,42,25-Nov
BM5.24.6,75,25-Nov
BM6.0.1,42,25-Nov
BM6.0.2,33,25-Nov
BM6.0.3,68,25-Nov
BM6.0.4,58,25-Nov
BM6.0.5,58,25-Nov
BM6.0.6,54,25-Nov
BM6.8.1,66,25-Nov
BM6.8.2,37,25-Nov
BM6.8.3,50,25-Nov
BM6.8.4,50,25-Nov
BM6.8.5,42,25-Nov
BM6.8.6,37,25-Nov
BM6.16.1,36,25-Nov
BM6.16.2,57,25-Nov
BM6.16.3,48,25-Nov
BM6.16.4,51,25-Nov
BM6.16.5,94,25-Nov
BM6.16.6,45,25-Nov
BM6.24.1,57,25-Nov
BM6.24.2,46,25-Nov
BM6.24.3,37,25-Nov
BM6.24.4,36,25-Nov
BM6.24.5,60,25-Nov
BM6.24.6,41,25-Nov
BM1.0.1,37,2-Dec
BG1.0.2,21,2-Dec
BM1.0.3,62,2-Dec
BM1.0.4,97,2-Dec
BM1.0.5,80,2-Dec
BM1.0.6,77,2-Dec
BM1.8.1,60,2-Dec
BM1.8.2,49,2-Dec
BM1.8.3,36,2-Dec
BM1.8.4,44,2-Dec
BM1.8.5,46,2-Dec
BM1.8.6,44,2-Dec
BM1.16.1,45,2-Dec
BM1.16.2,56,2-Dec
BM1.16.3,42,2-Dec
BM1.16.4,40,2-Dec
BM1.16.5,110,2-Dec
BM1.16.6,30,2-Dec
BM1.24.1,48,2-Dec
BM1.24.2,53,2-Dec
BM1.24.3,47,2-Dec
BM1.24.4,42,2-Dec
BM1.24.5,52,2-Dec
BM1.24.6,52,2-Dec
BM2.0.1,60,2-Dec
BM2.0.2,51,2-Dec
BM2.0.3,50,2-Dec
BM2.0.4,69,2-Dec
BM2.0.5,31,2-Dec
BM2.0.6,28,2-Dec
BM2.8.1,83,2-Dec
BM2.8.1,57,2-Dec
BM2.8.3,39,2-Dec
BM2.8.4,50,2-Dec
BM2.8.5,55,2-Dec
BM2.8.6,31,2-Dec
BM2.16.1,35,2-Dec
BM2.16.2,42,2-Dec
BM2.16.3,51,2-Dec
BM2.16.4,65,2-Dec
BM2.16.5,50,2-Dec
BM2.16.6,39,2-Dec
BM2.24.1,44,2-Dec
BM2.24.2,87,2-Dec
BM2.24.3,79,2-Dec
BM2.24.4,42,2-Dec
BM2.24.5,99,2-Dec
BM2.24.6,39,2-Dec
BM3.0.1,31,2-Dec
BM3.0.2,104,2-Dec
BM3.0.3,40,2-Dec
BM3.0.4,62,2-Dec
BM3.0.5,50,2-Dec
BM3.0.6,45,2-Dec
BM3.8.1,91,2-Dec
BM3.8.2,34,2-Dec
BM3.8.3,67,2-Dec
BM3.8.4,93,2-Dec
BM3.8.5,60,2-Dec
BM3.8.6,35,2-Dec
BM3.16.1,45,2-Dec
BM3.16.2,48,2-Dec
BM3.16.3,34,2-Dec
BM3.16.4,43,2-Dec
BM3.16.5,38,2-Dec
BM3.16.6,68,2-Dec
BM3.24.1,50,2-Dec
BM3.24.2,53,2-Dec
BM3.24.3,48,2-Dec
BM3.24.4,80,2-Dec
BM3.24.5,42,2-Dec
BM3.24.6,80,2-Dec
BM4.0.1,98,2-Dec
BM4.0.2,34,2-Dec
BM4.0.3,45,2-Dec
BM4.0.4,88,2-Dec
BM4.0.5,94,2-Dec
BM4.0.6,68,2-Dec
BM4.8.1,36,2-Dec
BM4.8.2,30,2-Dec
BM4.8.3,34,2-Dec
BM4.8.4,33,2-Dec
BM4.8.5,41,2-Dec
BM4.8.6,47,2-Dec
BM4.16.1,28,2-Dec
BM4.16.2,48,2-Dec
BM4.16.3,51,2-Dec
BM4.16.4,33,2-Dec
BM4.16.5,46,2-Dec
BM4.16.6,32,2-Dec
BM4.24.1,34,2-Dec
BM4.24.2,30,2-Dec
BM4.24.3,68,2-Dec
BM4.24.4,66,2-Dec
BM4.24.5,28,2-Dec
BM4.24.6,35,2-Dec
BM5.0.1,57,2-Dec
BM5.0.2,67,2-Dec
BM5.0.3,64,2-Dec
BM5.0.4,114,2-Dec
BM5.0.5,50,2-Dec
BM5.0.6,85,2-Dec
BM5.8.1,28,2-Dec
BM5.8.2,46,2-Dec
BM5.8.3,36,2-Dec
BM5.8.4,72,2-Dec
BM5.8.5,83,2-Dec
BM5.8.6,30,2-Dec
BM5.16.1,39,2-Dec
BM5.16.2,46,2-Dec
BM5.16.3,60,2-Dec
BM5.16.4,40,2-Dec
BM5.16.5,59,2-Dec
BM5.16.6,76,2-Dec
BM5.24.1,52,2-Dec
BM5.24.2,91,2-Dec
BM5.24.3,53,2-Dec
BM5.24.4,64,2-Dec
BM5.24.5,70,2-Dec
BM5.24.6,85,2-Dec
BM6.0.1,45,2-Dec
BM6.0.2,33,2-Dec
BM6.0.3,82,2-Dec
BM6.0.4,60,2-Dec
BM6.0.5,58,2-Dec
BM6.0.6,57,2-Dec
BM6.8.1,69,2-Dec
BM6.8.2,37,2-Dec
BM6.8.3,50,2-Dec
BM6.8.4,52,2-Dec
BM6.8.5,44,2-Dec
BM6.8.6,37,2-Dec
BM6.16.1,39,2-Dec
BM6.16.2,63,2-Dec
BM6.16.3,53,2-Dec
BM6.16.4,55,2-Dec
BM6.16.5,116,2-Dec
BM6.16.6,48,2-Dec
BM6.24.1,66,2-Dec
BM6.24.2,50,2-Dec
BM6.24.3,48,2-Dec
BM6.24.4,37,2-Dec
BM6.24.5,66,2-Dec
BM6.24.6,47,2-Dec